-- mat_automation_visit_auth_records新增数据
INSERT INTO  `mat_automation_visit_auth_records`( `sys_code`, `app_name`, `api_url`, `request_ip`, `access_key`, `secret_key`, `status`, `REVISION`, `CREATED_BY`, `CREATED_TIME`, `UPDATED_BY`, `UPDATED_TIME`, `delete_by`, `is_delete`, `delete_time`) VALUES (NULL, NULL, '/tag/matMetadata/event/getEvent', '0:0:0:0:0:0:0:1', '650609c2386346f7b6db9b8c8dbb7415', 'aab609d836214b2e96835d7d832393f9', 0, NULL, NULL, NULL, NULL, NULL, NULL, 1, NULL);
INSERT INTO  `mat_automation_visit_auth_records`( `sys_code`, `app_name`, `api_url`, `request_ip`, `access_key`, `secret_key`, `status`, `REVISION`, `CREATED_BY`, `CREATED_TIME`, `UPDATED_BY`, `UPDATED_TIME`, `delete_by`, `is_delete`, `delete_time`) VALUES (NULL, NULL, '/tag/matMetadata/linkage/getEventsOrProperties', '0:0:0:0:0:0:0:1', '650609c2386346f7b6db9b8c8dbb7415', 'aab609d836214b2e96835d7d832393f9', 0, NULL, NULL, NULL, NULL, NULL, NULL, 1, NULL);
INSERT INTO  `mat_automation_visit_auth_records`( `sys_code`, `app_name`, `api_url`, `request_ip`, `access_key`, `secret_key`, `status`, `REVISION`, `CREATED_BY`, `CREATED_TIME`, `UPDATED_BY`, `UPDATED_TIME`, `delete_by`, `is_delete`, `delete_time`) VALUES (NULL, NULL, '/tag/matMetadata/linkage/receiveMarketingRule', '0:0:0:0:0:0:0:1', '650609c2386346f7b6db9b8c8dbb7415', 'aab609d836214b2e96835d7d832393f9', 0, NULL, NULL, NULL, NULL, NULL, NULL, 1, NULL);
INSERT INTO  `mat_automation_visit_auth_records`( `sys_code`, `app_name`, `api_url`, `request_ip`, `access_key`, `secret_key`, `status`, `REVISION`, `CREATED_BY`, `CREATED_TIME`, `UPDATED_BY`, `UPDATED_TIME`, `delete_by`, `is_delete`, `delete_time`) VALUES (NULL, NULL, '/tag/matMetadata/linkage/receiveMarketingRecords', '0:0:0:0:0:0:0:1', '650609c2386346f7b6db9b8c8dbb7415', 'aab609d836214b2e96835d7d832393f9', 0, NULL, NULL, NULL, NULL, NULL, NULL, 1, NULL);
INSERT INTO  `mat_automation_visit_auth_records`( `sys_code`, `app_name`, `api_url`, `request_ip`, `access_key`, `secret_key`, `status`, `REVISION`, `CREATED_BY`, `CREATED_TIME`, `UPDATED_BY`, `UPDATED_TIME`, `delete_by`, `is_delete`, `delete_time`) VALUES (NULL, NULL, '/tag/matMetadata/linkage/receiveReportingData', '0:0:0:0:0:0:0:1', '650609c2386346f7b6db9b8c8dbb7415', 'aab609d836214b2e96835d7d832393f9', 0, NULL, NULL, NULL, NULL, NULL, NULL, 1, NULL);
INSERT INTO  `mat_automation_visit_auth_records`( `sys_code`, `app_name`, `api_url`, `request_ip`, `access_key`, `secret_key`, `status`, `REVISION`, `CREATED_BY`, `CREATED_TIME`, `UPDATED_BY`, `UPDATED_TIME`, `delete_by`, `is_delete`, `delete_time`) VALUES (NULL, NULL, '/tag/matMetadata/linkage/getTagGroups', '0:0:0:0:0:0:0:1', '650609c2386346f7b6db9b8c8dbb7415', 'aab609d836214b2e96835d7d832393f9', 0, NULL, NULL, NULL, NULL, NULL, NULL, 1, NULL);
INSERT INTO  `mat_automation_visit_auth_records`( `sys_code`, `app_name`, `api_url`, `request_ip`, `access_key`, `secret_key`, `status`, `REVISION`, `CREATED_BY`, `CREATED_TIME`, `UPDATED_BY`, `UPDATED_TIME`, `delete_by`, `is_delete`, `delete_time`) VALUES (NULL, NULL, '/tag/matMetadata/linkage/getPropertyScreenList', '0:0:0:0:0:0:0:1', '650609c2386346f7b6db9b8c8dbb7415', 'aab609d836214b2e96835d7d832393f9', 0, NULL, NULL, NULL, NULL, NULL, NULL, 1, NULL);
INSERT INTO  `mat_automation_visit_auth_records`( `sys_code`, `app_name`, `api_url`, `request_ip`, `access_key`, `secret_key`, `status`, `REVISION`, `CREATED_BY`, `CREATED_TIME`, `UPDATED_BY`, `UPDATED_TIME`, `delete_by`, `is_delete`, `delete_time`) VALUES (NULL, NULL, '/tag/matMetadata/linkage/getPropertyScreenGroupUsers', '0:0:0:0:0:0:0:1', '650609c2386346f7b6db9b8c8dbb7415', 'aab609d836214b2e96835d7d832393f9', 0, NULL, NULL, NULL, NULL, NULL, NULL, 1, NULL);
INSERT INTO  `mat_automation_visit_auth_records`( `sys_code`, `app_name`, `api_url`, `request_ip`, `access_key`, `secret_key`, `status`, `REVISION`, `CREATED_BY`, `CREATED_TIME`, `UPDATED_BY`, `UPDATED_TIME`, `delete_by`, `is_delete`, `delete_time`) VALUES (NULL, NULL, '/tag/matMetadata/event/update', '0:0:0:0:0:0:0:1', '650609c2386346f7b6db9b8c8dbb7415', 'aab609d836214b2e96835d7d832393f9', 0, NULL, NULL, NULL, NULL, NULL, NULL, 1, NULL);
INSERT INTO  `mat_automation_visit_auth_records`( `sys_code`, `app_name`, `api_url`, `request_ip`, `access_key`, `secret_key`, `status`, `REVISION`, `CREATED_BY`, `CREATED_TIME`, `UPDATED_BY`, `UPDATED_TIME`, `delete_by`, `is_delete`, `delete_time`) VALUES ( NULL, NULL, '/tag/matMetadata/linkage/getSysModelColumnTableRelationListById', '0:0:0:0:0:0:0:1', '650609c2386346f7b6db9b8c8dbb7415', 'aab609d836214b2e96835d7d832393f9', 0, NULL, NULL, NULL, NULL, NULL, NULL, 1, NULL);
INSERT INTO  `mat_automation_visit_auth_records`( `sys_code`, `app_name`, `api_url`, `request_ip`, `access_key`, `secret_key`, `status`, `REVISION`, `CREATED_BY`, `CREATED_TIME`, `UPDATED_BY`, `UPDATED_TIME`, `delete_by`, `is_delete`, `delete_time`) VALUES ( NULL, NULL, '/data/test/createTopic', '0:0:0:0:0:0:0:1', '650609c2386346f7b6db9b8c8dbb7415', 'aab609d836214b2e96835d7d832393f9', 0, NULL, NULL, NULL, NULL, NULL, NULL, 1, NULL);
INSERT INTO  `mat_automation_visit_auth_records`( `sys_code`, `app_name`, `api_url`, `request_ip`, `access_key`, `secret_key`, `status`, `REVISION`, `CREATED_BY`, `CREATED_TIME`, `UPDATED_BY`, `UPDATED_TIME`, `delete_by`, `is_delete`, `delete_time`) VALUES ( NULL, NULL, '/data/test/getAllTopic', '0:0:0:0:0:0:0:1', '650609c2386346f7b6db9b8c8dbb7415', 'aab609d836214b2e96835d7d832393f9', 0, NULL, NULL, NULL, NULL, NULL, NULL, 1, NULL);
INSERT INTO  `mat_automation_visit_auth_records`( `sys_code`, `app_name`, `api_url`, `request_ip`, `access_key`, `secret_key`, `status`, `REVISION`, `CREATED_BY`, `CREATED_TIME`, `UPDATED_BY`, `UPDATED_TIME`, `delete_by`, `is_delete`, `delete_time`) VALUES ( NULL, NULL, '/tag/tag/saveYoungorData', '0:0:0:0:0:0:0:1', '46f891af4bb17596626b91b361661426', 'cd1208b747461c47e7e5c9022b285a6e', 0, NULL, NULL, NULL, NULL, NULL, NULL, 1, NULL);

-- mat_event新增数据
INSERT INTO  `mat_event`(`event_code`, `event_name`, `burying_point_platform`, `history_thirty_num`, `status`, `is_receive`, `remarks`, `touch_opportunity`, `REVISION`, `CREATED_BY`, `CREATED_TIME`, `UPDATED_BY`, `UPDATED_TIME`, `delete_by`, `is_delete`, `delete_time`, `is_report`) VALUES ('followOfficial', '关注公众号', NULL, NULL, 0, 0, NULL, NULL, NULL, NULL, NULL, NULL, NULL, NULL, 0, NULL, 1);
INSERT INTO  `mat_event`(`event_code`, `event_name`, `burying_point_platform`, `history_thirty_num`, `status`, `is_receive`, `remarks`, `touch_opportunity`, `REVISION`, `CREATED_BY`, `CREATED_TIME`, `UPDATED_BY`, `UPDATED_TIME`, `delete_by`, `is_delete`, `delete_time`, `is_report`) VALUES ('cancelOfficial', '取关公众号', NULL, NULL, 0, 0, NULL, NULL, NULL, NULL, NULL, NULL, NULL, NULL, 0, NULL, 1);
INSERT INTO  `mat_event`(`event_code`, `event_name`, `burying_point_platform`, `history_thirty_num`, `status`, `is_receive`, `remarks`, `touch_opportunity`, `REVISION`, `CREATED_BY`, `CREATED_TIME`, `UPDATED_BY`, `UPDATED_TIME`, `delete_by`, `is_delete`, `delete_time`, `is_report`) VALUES ('userSendLocationuserSendLocation', '用户发送位置', NULL, NULL, 0, 0, NULL, NULL, NULL, NULL, NULL, NULL, NULL, NULL, 0, NULL, 1);
INSERT INTO  `mat_event`(`event_code`, `event_name`, `burying_point_platform`, `history_thirty_num`, `status`, `is_receive`, `remarks`, `touch_opportunity`, `REVISION`, `CREATED_BY`, `CREATED_TIME`, `UPDATED_BY`, `UPDATED_TIME`, `delete_by`, `is_delete`, `delete_time`, `is_report`) VALUES ('userObtainCard', '用户获得卡券', NULL, NULL, 0, 0, NULL, NULL, NULL, NULL, NULL, NULL, NULL, NULL, 0, NULL, 1);
INSERT INTO  `mat_event`(`event_code`, `event_name`, `burying_point_platform`, `history_thirty_num`, `status`, `is_receive`, `remarks`, `touch_opportunity`, `REVISION`, `CREATED_BY`, `CREATED_TIME`, `UPDATED_BY`, `UPDATED_TIME`, `delete_by`, `is_delete`, `delete_time`, `is_report`) VALUES ('userDelCard', '用户删除卡券', NULL, NULL, 0, 0, NULL, NULL, NULL, NULL, NULL, NULL, NULL, NULL, 0, NULL, 1);
INSERT INTO  `mat_event`(`event_code`, `event_name`, `burying_point_platform`, `history_thirty_num`, `status`, `is_receive`, `remarks`, `touch_opportunity`, `REVISION`, `CREATED_BY`, `CREATED_TIME`, `UPDATED_BY`, `UPDATED_TIME`, `delete_by`, `is_delete`, `delete_time`, `is_report`) VALUES ('userSeeMemberCard', '用户查看会员卡', NULL, NULL, 0, 0, NULL, NULL, NULL, NULL, NULL, NULL, NULL, NULL, 0, NULL, 1);
INSERT INTO  `mat_event`(`event_code`, `event_name`, `burying_point_platform`, `history_thirty_num`, `status`, `is_receive`, `remarks`, `touch_opportunity`, `REVISION`, `CREATED_BY`, `CREATED_TIME`, `UPDATED_BY`, `UPDATED_TIME`, `delete_by`, `is_delete`, `delete_time`, `is_report`) VALUES ('userUseCartToOfficial', '用户通过卡券进入公众号', NULL, NULL, 0, 0, NULL, NULL, NULL, NULL, NULL, NULL, NULL, NULL, 0, NULL, 1);
INSERT INTO  `mat_event`(`event_code`, `event_name`, `burying_point_platform`, `history_thirty_num`, `status`, `is_receive`, `remarks`, `touch_opportunity`, `REVISION`, `CREATED_BY`, `CREATED_TIME`, `UPDATED_BY`, `UPDATED_TIME`, `delete_by`, `is_delete`, `delete_time`, `is_report`) VALUES ('userUseCard', '用户使用卡券', NULL, NULL, 0, 0, NULL, NULL, NULL, NULL, NULL, NULL, NULL, NULL, 0, NULL, 1);
INSERT INTO  `mat_event`(`event_code`, `event_name`, `burying_point_platform`, `history_thirty_num`, `status`, `is_receive`, `remarks`, `touch_opportunity`, `REVISION`, `CREATED_BY`, `CREATED_TIME`, `UPDATED_BY`, `UPDATED_TIME`, `delete_by`, `is_delete`, `delete_time`, `is_report`) VALUES ('userSendInfo', '用户发送信息', NULL, NULL, 0, 0, NULL, NULL, NULL, NULL, NULL, NULL, NULL, NULL, 0, NULL, 1);
INSERT INTO  `mat_event`(`event_code`, `event_name`, `burying_point_platform`, `history_thirty_num`, `status`, `is_receive`, `remarks`, `touch_opportunity`, `REVISION`, `CREATED_BY`, `CREATED_TIME`, `UPDATED_BY`, `UPDATED_TIME`, `delete_by`, `is_delete`, `delete_time`, `is_report`) VALUES ( 'optMenu', '选择菜单', NULL, NULL, 0, 0, NULL, NULL, NULL, NULL, NULL, NULL, NULL, NULL, 0, NULL, 1);
INSERT INTO  `mat_event`(`event_code`, `event_name`, `burying_point_platform`, `history_thirty_num`, `status`, `is_receive`, `remarks`, `touch_opportunity`, `REVISION`, `CREATED_BY`, `CREATED_TIME`, `UPDATED_BY`, `UPDATED_TIME`, `delete_by`, `is_delete`, `delete_time`, `is_report`) VALUES ( 'optQRCode', '选择二维码', NULL, NULL, 0, 0, NULL, NULL, NULL, NULL, NULL, NULL, NULL, NULL, 0, NULL, 1);
INSERT INTO  `mat_event`(`event_code`, `event_name`, `burying_point_platform`, `history_thirty_num`, `status`, `is_receive`, `remarks`, `touch_opportunity`, `REVISION`, `CREATED_BY`, `CREATED_TIME`, `UPDATED_BY`, `UPDATED_TIME`, `delete_by`, `is_delete`, `delete_time`, `is_report`) VALUES ( 'newUserRegist', '新用户注册', NULL, NULL, 0, 0, NULL, NULL, NULL, NULL, NULL, NULL, NULL, NULL, 0, NULL, 1);
INSERT INTO  `mat_event`(`event_code`, `event_name`, `burying_point_platform`, `history_thirty_num`, `status`, `is_receive`, `remarks`, `touch_opportunity`, `REVISION`, `CREATED_BY`, `CREATED_TIME`, `UPDATED_BY`, `UPDATED_TIME`, `delete_by`, `is_delete`, `delete_time`, `is_report`) VALUES ( 'oldMemberBind', '老会员绑定', NULL, NULL, 0, 0, NULL, NULL, NULL, NULL, NULL, NULL, NULL, NULL, 0, NULL, 1);
INSERT INTO  `mat_event`(`event_code`, `event_name`, `burying_point_platform`, `history_thirty_num`, `status`, `is_receive`, `remarks`, `touch_opportunity`, `REVISION`, `CREATED_BY`, `CREATED_TIME`, `UPDATED_BY`, `UPDATED_TIME`, `delete_by`, `is_delete`, `delete_time`, `is_report`) VALUES ( 'memberLevelChange', '会员等级变更', NULL, NULL, 0, 0, NULL, NULL, NULL, NULL, NULL, NULL, NULL, NULL, 0, NULL, 1);
INSERT INTO  `mat_event`(`event_code`, `event_name`, `burying_point_platform`, `history_thirty_num`, `status`, `is_receive`, `remarks`, `touch_opportunity`, `REVISION`, `CREATED_BY`, `CREATED_TIME`, `UPDATED_BY`, `UPDATED_TIME`, `delete_by`, `is_delete`, `delete_time`, `is_report`) VALUES ( 'integralObtain', '积分获取', NULL, NULL, 0, 0, NULL, NULL, NULL, NULL, NULL, NULL, NULL, NULL, 0, NULL, 1);
INSERT INTO  `mat_event`(`event_code`, `event_name`, `burying_point_platform`, `history_thirty_num`, `status`, `is_receive`, `remarks`, `touch_opportunity`, `REVISION`, `CREATED_BY`, `CREATED_TIME`, `UPDATED_BY`, `UPDATED_TIME`, `delete_by`, `is_delete`, `delete_time`, `is_report`) VALUES ( 'integralConsume', '积分消耗', NULL, NULL, 0, 0, NULL, NULL, NULL, NULL, NULL, NULL, NULL, NULL, 0, NULL, 1);
INSERT INTO  `mat_event`(`event_code`, `event_name`, `burying_point_platform`, `history_thirty_num`, `status`, `is_receive`, `remarks`, `touch_opportunity`, `REVISION`, `CREATED_BY`, `CREATED_TIME`, `UPDATED_BY`, `UPDATED_TIME`, `delete_by`, `is_delete`, `delete_time`, `is_report`) VALUES ( 'memberConsumption', '会员消费', NULL, NULL, 0, 0, NULL, NULL, NULL, NULL, NULL, NULL, NULL, NULL, 0, NULL, 1);
INSERT INTO  `mat_event`(`event_code`, `event_name`, `burying_point_platform`, `history_thirty_num`, `status`, `is_receive`, `remarks`, `touch_opportunity`, `REVISION`, `CREATED_BY`, `CREATED_TIME`, `UPDATED_BY`, `UPDATED_TIME`, `delete_by`, `is_delete`, `delete_time`, `is_report`) VALUES ( 'collarCoupon', '领取优惠券', NULL, NULL, 0, 0, NULL, NULL, NULL, NULL, NULL, NULL, NULL, NULL, 0, NULL, 1);
INSERT INTO  `mat_event`(`event_code`, `event_name`, `burying_point_platform`, `history_thirty_num`, `status`, `is_receive`, `remarks`, `touch_opportunity`, `REVISION`, `CREATED_BY`, `CREATED_TIME`, `UPDATED_BY`, `UPDATED_TIME`, `delete_by`, `is_delete`, `delete_time`, `is_report`) VALUES ( 'useCoupon', '使用优惠券', NULL, NULL, 0, 0, NULL, NULL, NULL, NULL, NULL, NULL, NULL, NULL, 0, NULL, 1);
INSERT INTO  `mat_event`(`event_code`, `event_name`, `burying_point_platform`, `history_thirty_num`, `status`, `is_receive`, `remarks`, `touch_opportunity`, `REVISION`, `CREATED_BY`, `CREATED_TIME`, `UPDATED_BY`, `UPDATED_TIME`, `delete_by`, `is_delete`, `delete_time`, `is_report`) VALUES ( 'couponExpire', '优惠券过期', NULL, NULL, 0, 0, NULL, NULL, NULL, NULL, NULL, NULL, NULL, NULL, 0, NULL, 1);
INSERT INTO  `mat_event`(`event_code`, `event_name`, `burying_point_platform`, `history_thirty_num`, `status`, `is_receive`, `remarks`, `touch_opportunity`, `REVISION`, `CREATED_BY`, `CREATED_TIME`, `UPDATED_BY`, `UPDATED_TIME`, `delete_by`, `is_delete`, `delete_time`, `is_report`) VALUES ( 'openApp', '打开小程序', NULL, NULL, 0, 0, NULL, NULL, NULL, NULL, NULL, NULL, NULL, NULL, 0, NULL, 1);
INSERT INTO  `mat_event`(`event_code`, `event_name`, `burying_point_platform`, `history_thirty_num`, `status`, `is_receive`, `remarks`, `touch_opportunity`, `REVISION`, `CREATED_BY`, `CREATED_TIME`, `UPDATED_BY`, `UPDATED_TIME`, `delete_by`, `is_delete`, `delete_time`, `is_report`) VALUES ( 'visitPage', '访问页面', NULL, NULL, 0, 0, NULL, NULL, NULL, NULL, NULL, NULL, NULL, NULL, 0, NULL, 1);
INSERT INTO  `mat_event`(`event_code`, `event_name`, `burying_point_platform`, `history_thirty_num`, `status`, `is_receive`, `remarks`, `touch_opportunity`, `REVISION`, `CREATED_BY`, `CREATED_TIME`, `UPDATED_BY`, `UPDATED_TIME`, `delete_by`, `is_delete`, `delete_time`, `is_report`) VALUES ( 'openArrivalNotice', '开启到货通知', NULL, NULL, 0, 0, NULL, NULL, NULL, NULL, NULL, NULL, NULL, NULL, 0, NULL, 1);
INSERT INTO  `mat_event`(`event_code`, `event_name`, `burying_point_platform`, `history_thirty_num`, `status`, `is_receive`, `remarks`, `touch_opportunity`, `REVISION`, `CREATED_BY`, `CREATED_TIME`, `UPDATED_BY`, `UPDATED_TIME`, `delete_by`, `is_delete`, `delete_time`, `is_report`) VALUES ( 'addToShoppingCart', '添加购物车', NULL, NULL, 0, 0, NULL, NULL, NULL, NULL, NULL, NULL, NULL, NULL, 0, NULL, 1);
INSERT INTO  `mat_event`(`event_code`, `event_name`, `burying_point_platform`, `history_thirty_num`, `status`, `is_receive`, `remarks`, `touch_opportunity`, `REVISION`, `CREATED_BY`, `CREATED_TIME`, `UPDATED_BY`, `UPDATED_TIME`, `delete_by`, `is_delete`, `delete_time`, `is_report`) VALUES ( 'collectProduct', '收藏商品', NULL, NULL, 0, 0, NULL, NULL, NULL, NULL, NULL, NULL, NULL, NULL, 0, NULL, 1);
INSERT INTO  `mat_event`(`event_code`, `event_name`, `burying_point_platform`, `history_thirty_num`, `status`, `is_receive`, `remarks`, `touch_opportunity`, `REVISION`, `CREATED_BY`, `CREATED_TIME`, `UPDATED_BY`, `UPDATED_TIME`, `delete_by`, `is_delete`, `delete_time`, `is_report`) VALUES ( 'openReducePriceNotice', '开启降价通知', NULL, NULL, 0, 0, NULL, NULL, NULL, NULL, NULL, NULL, NULL, NULL, 0, NULL, 1);
INSERT INTO  `mat_event`(`event_code`, `event_name`, `burying_point_platform`, `history_thirty_num`, `status`, `is_receive`, `remarks`, `touch_opportunity`, `REVISION`, `CREATED_BY`, `CREATED_TIME`, `UPDATED_BY`, `UPDATED_TIME`, `delete_by`, `is_delete`, `delete_time`, `is_report`) VALUES ( 'submitOrder', '提交订单', NULL, NULL, 0, 0, NULL, NULL, NULL, NULL, NULL, NULL, NULL, NULL, 0, NULL, 1);
INSERT INTO  `mat_event`(`event_code`, `event_name`, `burying_point_platform`, `history_thirty_num`, `status`, `is_receive`, `remarks`, `touch_opportunity`, `REVISION`, `CREATED_BY`, `CREATED_TIME`, `UPDATED_BY`, `UPDATED_TIME`, `delete_by`, `is_delete`, `delete_time`, `is_report`) VALUES ( 'cancelOrder', '取消订单', NULL, NULL, 0, 0, NULL, NULL, NULL, NULL, NULL, NULL, NULL, NULL, 0, NULL, 1);
INSERT INTO  `mat_event`(`event_code`, `event_name`, `burying_point_platform`, `history_thirty_num`, `status`, `is_receive`, `remarks`, `touch_opportunity`, `REVISION`, `CREATED_BY`, `CREATED_TIME`, `UPDATED_BY`, `UPDATED_TIME`, `delete_by`, `is_delete`, `delete_time`, `is_report`) VALUES ( 'commonOrderPayFail', '普通订单支付失败', NULL, NULL, 0, 0, NULL, NULL, NULL, NULL, NULL, NULL, NULL, NULL, 0, NULL, 1);
INSERT INTO  `mat_event`(`event_code`, `event_name`, `burying_point_platform`, `history_thirty_num`, `status`, `is_receive`, `remarks`, `touch_opportunity`, `REVISION`, `CREATED_BY`, `CREATED_TIME`, `UPDATED_BY`, `UPDATED_TIME`, `delete_by`, `is_delete`, `delete_time`, `is_report`) VALUES ( 'commonOrderPaySuccess', '普通订单支付成', NULL, NULL, 0, 0, NULL, NULL, NULL, NULL, NULL, NULL, NULL, NULL, 0, NULL, 1);
INSERT INTO  `mat_event`(`event_code`, `event_name`, `burying_point_platform`, `history_thirty_num`, `status`, `is_receive`, `remarks`, `touch_opportunity`, `REVISION`, `CREATED_BY`, `CREATED_TIME`, `UPDATED_BY`, `UPDATED_TIME`, `delete_by`, `is_delete`, `delete_time`, `is_report`) VALUES ( 'presaleOrderDepositPay', '预售订单定金支付', NULL, NULL, 0, 0, NULL, NULL, NULL, NULL, NULL, NULL, NULL, NULL, 0, NULL, 1);
INSERT INTO  `mat_event`(`event_code`, `event_name`, `burying_point_platform`, `history_thirty_num`, `status`, `is_receive`, `remarks`, `touch_opportunity`, `REVISION`, `CREATED_BY`, `CREATED_TIME`, `UPDATED_BY`, `UPDATED_TIME`, `delete_by`, `is_delete`, `delete_time`, `is_report`) VALUES ( 'returnGoodsRefund', '退款退款', NULL, NULL, 0, 0, NULL, NULL, NULL, NULL, NULL, NULL, NULL, NULL, 0, NULL, 1);
INSERT INTO  `mat_event`(`event_code`, `event_name`, `burying_point_platform`, `history_thirty_num`, `status`, `is_receive`, `remarks`, `touch_opportunity`, `REVISION`, `CREATED_BY`, `CREATED_TIME`, `UPDATED_BY`, `UPDATED_TIME`, `delete_by`, `is_delete`, `delete_time`, `is_report`) VALUES ( 'onlyRefund', '仅退款申请', NULL, NULL, 0, 0, NULL, NULL, NULL, NULL, NULL, NULL, NULL, NULL, 0, NULL, 1);
INSERT INTO  `mat_event`(`event_code`, `event_name`, `burying_point_platform`, `history_thirty_num`, `status`, `is_receive`, `remarks`, `touch_opportunity`, `REVISION`, `CREATED_BY`, `CREATED_TIME`, `UPDATED_BY`, `UPDATED_TIME`, `delete_by`, `is_delete`, `delete_time`, `is_report`) VALUES ( 'clickProductLiveTV', '点击直播间', NULL, NULL, 0, 0, NULL, NULL, NULL, NULL, NULL, NULL, NULL, NULL, 0, NULL, 1);
INSERT INTO  `mat_event`(`event_code`, `event_name`, `burying_point_platform`, `history_thirty_num`, `status`, `is_receive`, `remarks`, `touch_opportunity`, `REVISION`, `CREATED_BY`, `CREATED_TIME`, `UPDATED_BY`, `UPDATED_TIME`, `delete_by`, `is_delete`, `delete_time`, `is_report`) VALUES ( 'shareRecruitCode', '分享招募码', NULL, NULL, 0, 0, NULL, NULL, NULL, NULL, NULL, NULL, NULL, NULL, 0, NULL, 1);
INSERT INTO  `mat_event`(`event_code`, `event_name`, `burying_point_platform`, `history_thirty_num`, `status`, `is_receive`, `remarks`, `touch_opportunity`, `REVISION`, `CREATED_BY`, `CREATED_TIME`, `UPDATED_BY`, `UPDATED_TIME`, `delete_by`, `is_delete`, `delete_time`, `is_report`) VALUES ( 'loginApp', '登录小程序', NULL, NULL, 0, 0, NULL, NULL, NULL, NULL, NULL, NULL, NULL, NULL, 0, NULL, 1);

-- mat_event_property 新增数据
INSERT INTO  `mat_event_property`( `property_code`, `property_name`, `data_type`, `unit`, `value_explain`, `is_public`, `is_report`, `status`, `REVISION`, `CREATED_BY`, `CREATED_TIME`, `UPDATED_BY`, `UPDATED_TIME`, `delete_by`, `is_delete`, `delete_time`) VALUES ('appid', '程序编号', 1, NULL, NULL, 1, 0, 0, NULL, NULL, NULL, NULL, NULL, NULL, 0, NULL);
INSERT INTO  `mat_event_property`( `property_code`, `property_name`, `data_type`, `unit`, `value_explain`, `is_public`, `is_report`, `status`, `REVISION`, `CREATED_BY`, `CREATED_TIME`, `UPDATED_BY`, `UPDATED_TIME`, `delete_by`, `is_delete`, `delete_time`) VALUES ('locationInfo', '位置信息', 1, NULL, NULL, 0, 0, 0, NULL, NULL, NULL, NULL, NULL, NULL, 0, NULL);
INSERT INTO  `mat_event_property`( `property_code`, `property_name`, `data_type`, `unit`, `value_explain`, `is_public`, `is_report`, `status`, `REVISION`, `CREATED_BY`, `CREATED_TIME`, `UPDATED_BY`, `UPDATED_TIME`, `delete_by`, `is_delete`, `delete_time`) VALUES ('cardNum', '卡券编号', 1, NULL, NULL, 0, 0, 0, NULL, NULL, NULL, NULL, NULL, NULL, 0, NULL);
INSERT INTO  `mat_event_property`( `property_code`, `property_name`, `data_type`, `unit`, `value_explain`, `is_public`, `is_report`, `status`, `REVISION`, `CREATED_BY`, `CREATED_TIME`, `UPDATED_BY`, `UPDATED_TIME`, `delete_by`, `is_delete`, `delete_time`) VALUES ('cardType', '卡券类型', 2, NULL, NULL, 0, 0, 0, NULL, NULL, NULL, NULL, NULL, NULL, 0, NULL);
INSERT INTO  `mat_event_property`( `property_code`, `property_name`, `data_type`, `unit`, `value_explain`, `is_public`, `is_report`, `status`, `REVISION`, `CREATED_BY`, `CREATED_TIME`, `UPDATED_BY`, `UPDATED_TIME`, `delete_by`, `is_delete`, `delete_time`) VALUES ('cardContent', '卡券内容或关键字', 1, NULL, NULL, 0, 0, 0, NULL, NULL, NULL, NULL, NULL, NULL, 0, NULL);
INSERT INTO  `mat_event_property`( `property_code`, `property_name`, `data_type`, `unit`, `value_explain`, `is_public`, `is_report`, `status`, `REVISION`, `CREATED_BY`, `CREATED_TIME`, `UPDATED_BY`, `UPDATED_TIME`, `delete_by`, `is_delete`, `delete_time`) VALUES ('withActivity', '卡券关联活动', 1, NULL, NULL, 0, 0, 0, NULL, NULL, NULL, NULL, NULL, NULL, 0, NULL);
INSERT INTO  `mat_event_property`( `property_code`, `property_name`, `data_type`, `unit`, `value_explain`, `is_public`, `is_report`, `status`, `REVISION`, `CREATED_BY`, `CREATED_TIME`, `UPDATED_BY`, `UPDATED_TIME`, `delete_by`, `is_delete`, `delete_time`) VALUES ('memberCardNum', '会员卡号', 1, NULL, NULL, 0, 0, 0, NULL, NULL, NULL, NULL, NULL, NULL, 0, NULL);
INSERT INTO  `mat_event_property`( `property_code`, `property_name`, `data_type`, `unit`, `value_explain`, `is_public`, `is_report`, `status`, `REVISION`, `CREATED_BY`, `CREATED_TIME`, `UPDATED_BY`, `UPDATED_TIME`, `delete_by`, `is_delete`, `delete_time`) VALUES ('memberCardContent', '会员卡内容或关键字', 1, NULL, NULL, 0, 0, 0, NULL, NULL, NULL, NULL, NULL, NULL, 0, NULL);
INSERT INTO  `mat_event_property`( `property_code`, `property_name`, `data_type`, `unit`, `value_explain`, `is_public`, `is_report`, `status`, `REVISION`, `CREATED_BY`, `CREATED_TIME`, `UPDATED_BY`, `UPDATED_TIME`, `delete_by`, `is_delete`, `delete_time`) VALUES ('memberCardLevel', '会员卡等级', 2, NULL, NULL, 0, 0, 0, NULL, NULL, NULL, NULL, NULL, NULL, 0, NULL);
INSERT INTO  `mat_event_property`( `property_code`, `property_name`, `data_type`, `unit`, `value_explain`, `is_public`, `is_report`, `status`, `REVISION`, `CREATED_BY`, `CREATED_TIME`, `UPDATED_BY`, `UPDATED_TIME`, `delete_by`, `is_delete`, `delete_time`) VALUES ( 'cardWithOrderNum', '卡券关联订单编号', 1, NULL, NULL, 0, 0, 0, NULL, NULL, NULL, NULL, NULL, NULL, 0, NULL);
INSERT INTO  `mat_event_property`( `property_code`, `property_name`, `data_type`, `unit`, `value_explain`, `is_public`, `is_report`, `status`, `REVISION`, `CREATED_BY`, `CREATED_TIME`, `UPDATED_BY`, `UPDATED_TIME`, `delete_by`, `is_delete`, `delete_time`) VALUES ( 'messageType', '消息类型', 2, NULL, '1文本信息、2图片信息、3语言信息、4视频信息', 0, 0, 0, NULL, NULL, NULL, NULL, NULL, NULL, 0, NULL);
INSERT INTO  `mat_event_property`( `property_code`, `property_name`, `data_type`, `unit`, `value_explain`, `is_public`, `is_report`, `status`, `REVISION`, `CREATED_BY`, `CREATED_TIME`, `UPDATED_BY`, `UPDATED_TIME`, `delete_by`, `is_delete`, `delete_time`) VALUES ( 'messageContent', '信息内容', 1, NULL, NULL, 0, 0, 0, NULL, NULL, NULL, NULL, NULL, NULL, 0, NULL);
INSERT INTO  `mat_event_property`( `property_code`, `property_name`, `data_type`, `unit`, `value_explain`, `is_public`, `is_report`, `status`, `REVISION`, `CREATED_BY`, `CREATED_TIME`, `UPDATED_BY`, `UPDATED_TIME`, `delete_by`, `is_delete`, `delete_time`) VALUES ( 'menuNum', '菜单编号', 1, NULL, NULL, 0, 0, 0, NULL, NULL, NULL, NULL, NULL, NULL, 0, NULL);
INSERT INTO  `mat_event_property`( `property_code`, `property_name`, `data_type`, `unit`, `value_explain`, `is_public`, `is_report`, `status`, `REVISION`, `CREATED_BY`, `CREATED_TIME`, `UPDATED_BY`, `UPDATED_TIME`, `delete_by`, `is_delete`, `delete_time`) VALUES ( 'menuName', '菜单名称', 1, NULL, NULL, 0, 0, 0, NULL, NULL, NULL, NULL, NULL, NULL, 0, NULL);
INSERT INTO  `mat_event_property`( `property_code`, `property_name`, `data_type`, `unit`, `value_explain`, `is_public`, `is_report`, `status`, `REVISION`, `CREATED_BY`, `CREATED_TIME`, `UPDATED_BY`, `UPDATED_TIME`, `delete_by`, `is_delete`, `delete_time`) VALUES ( 'menuUrl', '菜单路径', 1, NULL, NULL, 0, 0, 0, NULL, NULL, NULL, NULL, NULL, NULL, 0, NULL);
INSERT INTO  `mat_event_property`( `property_code`, `property_name`, `data_type`, `unit`, `value_explain`, `is_public`, `is_report`, `status`, `REVISION`, `CREATED_BY`, `CREATED_TIME`, `UPDATED_BY`, `UPDATED_TIME`, `delete_by`, `is_delete`, `delete_time`) VALUES ( 'QRCodeNum', '选择二维码', 1, NULL, NULL, 0, 0, 0, NULL, NULL, NULL, NULL, NULL, NULL, 0, NULL);
INSERT INTO  `mat_event_property`( `property_code`, `property_name`, `data_type`, `unit`, `value_explain`, `is_public`, `is_report`, `status`, `REVISION`, `CREATED_BY`, `CREATED_TIME`, `UPDATED_BY`, `UPDATED_TIME`, `delete_by`, `is_delete`, `delete_time`) VALUES ( 'mobile', '手机号', 1, NULL, NULL, 0, 0, 0, NULL, NULL, NULL, NULL, NULL, NULL, 0, NULL);
INSERT INTO  `mat_event_property`( `property_code`, `property_name`, `data_type`, `unit`, `value_explain`, `is_public`, `is_report`, `status`, `REVISION`, `CREATED_BY`, `CREATED_TIME`, `UPDATED_BY`, `UPDATED_TIME`, `delete_by`, `is_delete`, `delete_time`) VALUES ( 'account', '账号', 1, NULL, NULL, 0, 0, 0, NULL, NULL, NULL, NULL, NULL, NULL, 0, NULL);
INSERT INTO  `mat_event_property`( `property_code`, `property_name`, `data_type`, `unit`, `value_explain`, `is_public`, `is_report`, `status`, `REVISION`, `CREATED_BY`, `CREATED_TIME`, `UPDATED_BY`, `UPDATED_TIME`, `delete_by`, `is_delete`, `delete_time`) VALUES ( 'sex', '性别', 1, NULL, NULL, 0, 0, 0, NULL, NULL, NULL, NULL, NULL, NULL, 0, NULL);
INSERT INTO  `mat_event_property`( `property_code`, `property_name`, `data_type`, `unit`, `value_explain`, `is_public`, `is_report`, `status`, `REVISION`, `CREATED_BY`, `CREATED_TIME`, `UPDATED_BY`, `UPDATED_TIME`, `delete_by`, `is_delete`, `delete_time`) VALUES ( 'email', '邮箱', 1, NULL, NULL, 0, 0, 0, NULL, NULL, NULL, NULL, NULL, NULL, 0, NULL);
INSERT INTO  `mat_event_property`( `property_code`, `property_name`, `data_type`, `unit`, `value_explain`, `is_public`, `is_report`, `status`, `REVISION`, `CREATED_BY`, `CREATED_TIME`, `UPDATED_BY`, `UPDATED_TIME`, `delete_by`, `is_delete`, `delete_time`) VALUES ( 'changeLevel', '变更等级', 1, NULL, NULL, 0, 0, 0, NULL, NULL, NULL, NULL, NULL, NULL, 0, NULL);
INSERT INTO  `mat_event_property`( `property_code`, `property_name`, `data_type`, `unit`, `value_explain`, `is_public`, `is_report`, `status`, `REVISION`, `CREATED_BY`, `CREATED_TIME`, `UPDATED_BY`, `UPDATED_TIME`, `delete_by`, `is_delete`, `delete_time`) VALUES ( 'getIntegralCount', '获得积分数', 2, NULL, NULL, 0, 0, 0, NULL, NULL, NULL, NULL, NULL, NULL, 0, NULL);
INSERT INTO  `mat_event_property`( `property_code`, `property_name`, `data_type`, `unit`, `value_explain`, `is_public`, `is_report`, `status`, `REVISION`, `CREATED_BY`, `CREATED_TIME`, `UPDATED_BY`, `UPDATED_TIME`, `delete_by`, `is_delete`, `delete_time`) VALUES ( 'getIntegralWay', '获得积分渠道', 1, NULL, NULL, 0, 0, 0, NULL, NULL, NULL, NULL, NULL, NULL, 0, NULL);
INSERT INTO  `mat_event_property`( `property_code`, `property_name`, `data_type`, `unit`, `value_explain`, `is_public`, `is_report`, `status`, `REVISION`, `CREATED_BY`, `CREATED_TIME`, `UPDATED_BY`, `UPDATED_TIME`, `delete_by`, `is_delete`, `delete_time`) VALUES ( 'useIntegralCount', '消耗积分数', 2, NULL, NULL, 0, 0, 0, NULL, NULL, NULL, NULL, NULL, NULL, 0, NULL);
INSERT INTO  `mat_event_property`( `property_code`, `property_name`, `data_type`, `unit`, `value_explain`, `is_public`, `is_report`, `status`, `REVISION`, `CREATED_BY`, `CREATED_TIME`, `UPDATED_BY`, `UPDATED_TIME`, `delete_by`, `is_delete`, `delete_time`) VALUES ( 'useIntegralWay', '消耗积分渠道', 1, NULL, NULL, 0, 0, 0, NULL, NULL, NULL, NULL, NULL, NULL, 0, NULL);
INSERT INTO  `mat_event_property`( `property_code`, `property_name`, `data_type`, `unit`, `value_explain`, `is_public`, `is_report`, `status`, `REVISION`, `CREATED_BY`, `CREATED_TIME`, `UPDATED_BY`, `UPDATED_TIME`, `delete_by`, `is_delete`, `delete_time`) VALUES ( 'consumptionNum', '消费金额', 2, NULL, NULL, 0, 0, 0, NULL, NULL, NULL, NULL, NULL, NULL, 0, NULL);
INSERT INTO  `mat_event_property`( `property_code`, `property_name`, `data_type`, `unit`, `value_explain`, `is_public`, `is_report`, `status`, `REVISION`, `CREATED_BY`, `CREATED_TIME`, `UPDATED_BY`, `UPDATED_TIME`, `delete_by`, `is_delete`, `delete_time`) VALUES ( 'consumptionWay', '消费渠道', 1, NULL, NULL, 0, 0, 0, NULL, NULL, NULL, NULL, NULL, NULL, 0, NULL);
INSERT INTO  `mat_event_property`( `property_code`, `property_name`, `data_type`, `unit`, `value_explain`, `is_public`, `is_report`, `status`, `REVISION`, `CREATED_BY`, `CREATED_TIME`, `UPDATED_BY`, `UPDATED_TIME`, `delete_by`, `is_delete`, `delete_time`) VALUES ( 'couponNum', '优惠券编号', 1, NULL, NULL, 0, 0, 0, NULL, NULL, NULL, NULL, NULL, NULL, 0, NULL);
INSERT INTO  `mat_event_property`( `property_code`, `property_name`, `data_type`, `unit`, `value_explain`, `is_public`, `is_report`, `status`, `REVISION`, `CREATED_BY`, `CREATED_TIME`, `UPDATED_BY`, `UPDATED_TIME`, `delete_by`, `is_delete`, `delete_time`) VALUES ( 'couponContent', '优惠券内容', 1, NULL, NULL, 0, 0, 0, NULL, NULL, NULL, NULL, NULL, NULL, 0, NULL);
INSERT INTO  `mat_event_property`( `property_code`, `property_name`, `data_type`, `unit`, `value_explain`, `is_public`, `is_report`, `status`, `REVISION`, `CREATED_BY`, `CREATED_TIME`, `UPDATED_BY`, `UPDATED_TIME`, `delete_by`, `is_delete`, `delete_time`) VALUES ( 'collarWay', '领取渠道', 1, NULL, NULL, 0, 0, 0, NULL, NULL, NULL, NULL, NULL, NULL, 0, NULL);
INSERT INTO  `mat_event_property`( `property_code`, `property_name`, `data_type`, `unit`, `value_explain`, `is_public`, `is_report`, `status`, `REVISION`, `CREATED_BY`, `CREATED_TIME`, `UPDATED_BY`, `UPDATED_TIME`, `delete_by`, `is_delete`, `delete_time`) VALUES ( 'useCouponWay', '优惠券使用渠道', 1, NULL, NULL, 0, 0, 0, NULL, NULL, NULL, NULL, NULL, NULL, 0, NULL);
INSERT INTO  `mat_event_property`( `property_code`, `property_name`, `data_type`, `unit`, `value_explain`, `is_public`, `is_report`, `status`, `REVISION`, `CREATED_BY`, `CREATED_TIME`, `UPDATED_BY`, `UPDATED_TIME`, `delete_by`, `is_delete`, `delete_time`) VALUES ( 'shopHomePage', '电商首页', 1, NULL, NULL, 0, 0, 0, NULL, NULL, NULL, NULL, NULL, NULL, 0, NULL);
INSERT INTO  `mat_event_property`( `property_code`, `property_name`, `data_type`, `unit`, `value_explain`, `is_public`, `is_report`, `status`, `REVISION`, `CREATED_BY`, `CREATED_TIME`, `UPDATED_BY`, `UPDATED_TIME`, `delete_by`, `is_delete`, `delete_time`) VALUES ( 'communityPage', '社区或种草页', 1, NULL, NULL, 0, 0, 0, NULL, NULL, NULL, NULL, NULL, NULL, 0, NULL);
INSERT INTO  `mat_event_property`( `property_code`, `property_name`, `data_type`, `unit`, `value_explain`, `is_public`, `is_report`, `status`, `REVISION`, `CREATED_BY`, `CREATED_TIME`, `UPDATED_BY`, `UPDATED_TIME`, `delete_by`, `is_delete`, `delete_time`) VALUES ( 'classifyPage', '分类页', 1, NULL, NULL, 0, 0, 0, NULL, NULL, NULL, NULL, NULL, NULL, 0, NULL);
INSERT INTO  `mat_event_property`( `property_code`, `property_name`, `data_type`, `unit`, `value_explain`, `is_public`, `is_report`, `status`, `REVISION`, `CREATED_BY`, `CREATED_TIME`, `UPDATED_BY`, `UPDATED_TIME`, `delete_by`, `is_delete`, `delete_time`) VALUES ( 'shoppingCartPage', '购物车页', 1, NULL, NULL, 0, 0, 0, NULL, NULL, NULL, NULL, NULL, NULL, 0, NULL);
INSERT INTO  `mat_event_property`( `property_code`, `property_name`, `data_type`, `unit`, `value_explain`, `is_public`, `is_report`, `status`, `REVISION`, `CREATED_BY`, `CREATED_TIME`, `UPDATED_BY`, `UPDATED_TIME`, `delete_by`, `is_delete`, `delete_time`) VALUES ( 'memberCorePage', '会员中心页', 1, NULL, NULL, 0, 0, 0, NULL, NULL, NULL, NULL, NULL, NULL, 0, NULL);
INSERT INTO  `mat_event_property`( `property_code`, `property_name`, `data_type`, `unit`, `value_explain`, `is_public`, `is_report`, `status`, `REVISION`, `CREATED_BY`, `CREATED_TIME`, `UPDATED_BY`, `UPDATED_TIME`, `delete_by`, `is_delete`, `delete_time`) VALUES ( 'noticeType', '通知类型', 1, NULL, NULL, 0, 0, 0, NULL, NULL, NULL, NULL, NULL, NULL, 0, NULL);
INSERT INTO  `mat_event_property`( `property_code`, `property_name`, `data_type`, `unit`, `value_explain`, `is_public`, `is_report`, `status`, `REVISION`, `CREATED_BY`, `CREATED_TIME`, `UPDATED_BY`, `UPDATED_TIME`, `delete_by`, `is_delete`, `delete_time`) VALUES ( 'productNum', '商品编号', 1, NULL, NULL, 0, 0, 0, NULL, NULL, NULL, NULL, NULL, NULL, 0, NULL);
INSERT INTO  `mat_event_property`( `property_code`, `property_name`, `data_type`, `unit`, `value_explain`, `is_public`, `is_report`, `status`, `REVISION`, `CREATED_BY`, `CREATED_TIME`, `UPDATED_BY`, `UPDATED_TIME`, `delete_by`, `is_delete`, `delete_time`) VALUES ( 'productName', '商品名称', 1, NULL, NULL, 0, 0, 0, NULL, NULL, NULL, NULL, NULL, NULL, 0, NULL);
INSERT INTO  `mat_event_property`( `property_code`, `property_name`, `data_type`, `unit`, `value_explain`, `is_public`, `is_report`, `status`, `REVISION`, `CREATED_BY`, `CREATED_TIME`, `UPDATED_BY`, `UPDATED_TIME`, `delete_by`, `is_delete`, `delete_time`) VALUES ( 'orderNum', '订单编号', 1, NULL, NULL, 0, 0, 0, NULL, NULL, NULL, NULL, NULL, NULL, 0, NULL);
INSERT INTO  `mat_event_property`( `property_code`, `property_name`, `data_type`, `unit`, `value_explain`, `is_public`, `is_report`, `status`, `REVISION`, `CREATED_BY`, `CREATED_TIME`, `UPDATED_BY`, `UPDATED_TIME`, `delete_by`, `is_delete`, `delete_time`) VALUES ( 'payCount', '支付金额数', 2, NULL, NULL, 0, 0, 0, NULL, NULL, NULL, NULL, NULL, NULL, 0, NULL);
INSERT INTO  `mat_event_property`( `property_code`, `property_name`, `data_type`, `unit`, `value_explain`, `is_public`, `is_report`, `status`, `REVISION`, `CREATED_BY`, `CREATED_TIME`, `UPDATED_BY`, `UPDATED_TIME`, `delete_by`, `is_delete`, `delete_time`) VALUES ( 'applyReturnReason', '申请退货退款原因', 1, NULL, NULL, 0, 0, 0, NULL, NULL, NULL, NULL, NULL, NULL, 0, NULL);
INSERT INTO  `mat_event_property`( `property_code`, `property_name`, `data_type`, `unit`, `value_explain`, `is_public`, `is_report`, `status`, `REVISION`, `CREATED_BY`, `CREATED_TIME`, `UPDATED_BY`, `UPDATED_TIME`, `delete_by`, `is_delete`, `delete_time`) VALUES ( 'onlineNum', '直播间编号', 1, NULL, NULL, 0, 0, 0, NULL, NULL, NULL, NULL, NULL, NULL, 0, NULL);
INSERT INTO  `mat_event_property`( `property_code`, `property_name`, `data_type`, `unit`, `value_explain`, `is_public`, `is_report`, `status`, `REVISION`, `CREATED_BY`, `CREATED_TIME`, `UPDATED_BY`, `UPDATED_TIME`, `delete_by`, `is_delete`, `delete_time`) VALUES ( 'shareEnterpriseWeChatRecruitCode', '分享企微招募码', 1, NULL, NULL, 0, 0, 0, NULL, NULL, NULL, NULL, NULL, NULL, 0, NULL);
INSERT INTO  `mat_event_property`( `property_code`, `property_name`, `data_type`, `unit`, `value_explain`, `is_public`, `is_report`, `status`, `REVISION`, `CREATED_BY`, `CREATED_TIME`, `UPDATED_BY`, `UPDATED_TIME`, `delete_by`, `is_delete`, `delete_time`) VALUES ( 'shareOfficialRecruitCode', '分享公众号招募码', 1, NULL, NULL, 0, 0, 0, NULL, NULL, NULL, NULL, NULL, NULL, 0, NULL);
INSERT INTO  `mat_event_property`( `property_code`, `property_name`, `data_type`, `unit`, `value_explain`, `is_public`, `is_report`, `status`, `REVISION`, `CREATED_BY`, `CREATED_TIME`, `UPDATED_BY`, `UPDATED_TIME`, `delete_by`, `is_delete`, `delete_time`) VALUES ( 'shareAppCode', '分享小程序码', 1, NULL, NULL, 0, 0, 0, NULL, NULL, NULL, NULL, NULL, NULL, 0, NULL);
INSERT INTO  `mat_event_property`( `property_code`, `property_name`, `data_type`, `unit`, `value_explain`, `is_public`, `is_report`, `status`, `REVISION`, `CREATED_BY`, `CREATED_TIME`, `UPDATED_BY`, `UPDATED_TIME`, `delete_by`, `is_delete`, `delete_time`) VALUES ( 'shareToWechatMoments', '分享到朋友圈', 1, NULL, NULL, 0, 0, 0, NULL, NULL, NULL, NULL, NULL, NULL, 0, NULL);
INSERT INTO  `mat_event_property`( `property_code`, `property_name`, `data_type`, `unit`, `value_explain`, `is_public`, `is_report`, `status`, `REVISION`, `CREATED_BY`, `CREATED_TIME`, `UPDATED_BY`, `UPDATED_TIME`, `delete_by`, `is_delete`, `delete_time`) VALUES ( 'shareToSingleChat', '分享到单聊', 1, NULL, NULL, 0, 0, 0, NULL, NULL, NULL, NULL, NULL, NULL, 0, NULL);
INSERT INTO  `mat_event_property`( `property_code`, `property_name`, `data_type`, `unit`, `value_explain`, `is_public`, `is_report`, `status`, `REVISION`, `CREATED_BY`, `CREATED_TIME`, `UPDATED_BY`, `UPDATED_TIME`, `delete_by`, `is_delete`, `delete_time`) VALUES ( 'shareToGroupChat', '分享到群聊', 1, NULL, NULL, 0, 0, 0, NULL, NULL, NULL, NULL, NULL, NULL, 0, NULL);
INSERT INTO  `mat_event_property`( `property_code`, `property_name`, `data_type`, `unit`, `value_explain`, `is_public`, `is_report`, `status`, `REVISION`, `CREATED_BY`, `CREATED_TIME`, `UPDATED_BY`, `UPDATED_TIME`, `delete_by`, `is_delete`, `delete_time`) VALUES ( 'recruitCodeNum', '招募码编号', 1, NULL, NULL, 0, 0, 0, NULL, NULL, NULL, NULL, NULL, NULL, 0, NULL);
INSERT INTO  `mat_event_property`( `property_code`, `property_name`, `data_type`, `unit`, `value_explain`, `is_public`, `is_report`, `status`, `REVISION`, `CREATED_BY`, `CREATED_TIME`, `UPDATED_BY`, `UPDATED_TIME`, `delete_by`, `is_delete`, `delete_time`) VALUES ( 'eventTime', '统一时间', 1, NULL, NULL, 1, 0, 0, NULL, NULL, NULL, NULL, NULL, NULL, 0, NULL);
INSERT INTO  `mat_event_property`( `property_code`, `property_name`, `data_type`, `unit`, `value_explain`, `is_public`, `is_report`, `status`, `REVISION`, `CREATED_BY`, `CREATED_TIME`, `UPDATED_BY`, `UPDATED_TIME`, `delete_by`, `is_delete`, `delete_time`) VALUES ( 'payFailedReason', '支付失败原因', 1, NULL, NULL, 0, 0, 0, NULL, NULL, NULL, NULL, NULL, NULL, 0, NULL);
INSERT INTO  `mat_event_property`( `property_code`, `property_name`, `data_type`, `unit`, `value_explain`, `is_public`, `is_report`, `status`, `REVISION`, `CREATED_BY`, `CREATED_TIME`, `UPDATED_BY`, `UPDATED_TIME`, `delete_by`, `is_delete`, `delete_time`) VALUES ( 'depositCount', '定金数额', 2, NULL, NULL, 0, 0, 0, NULL, NULL, NULL, NULL, NULL, NULL, 0, NULL);
INSERT INTO  `mat_event_property`( `property_code`, `property_name`, `data_type`, `unit`, `value_explain`, `is_public`, `is_report`, `status`, `REVISION`, `CREATED_BY`, `CREATED_TIME`, `UPDATED_BY`, `UPDATED_TIME`, `delete_by`, `is_delete`, `delete_time`) VALUES ( 'eventKey', '二维码相关参数类型', 1, NULL, NULL, 0, 0, 0, NULL, NULL, NULL, NULL, NULL, NULL, 0, NULL);
INSERT INTO  `mat_event_property`( `property_code`, `property_name`, `data_type`, `unit`, `value_explain`, `is_public`, `is_report`, `status`, `REVISION`, `CREATED_BY`, `CREATED_TIME`, `UPDATED_BY`, `UPDATED_TIME`, `delete_by`, `is_delete`, `delete_time`) VALUES ( 'roomStatus', '直播间状态', 2, NULL, '1已开播、0未开播', 0, 0, 0, NULL, NULL, NULL, NULL, NULL, NULL, 0, NULL);
INSERT INTO  `mat_event_property`( `property_code`, `property_name`, `data_type`, `unit`, `value_explain`, `is_public`, `is_report`, `status`, `REVISION`, `CREATED_BY`, `CREATED_TIME`, `UPDATED_BY`, `UPDATED_TIME`, `delete_by`, `is_delete`, `delete_time`) VALUES ( 'productInfos', '商品详情', 1, NULL, '订单内所有商品的详情', 0, 0, 0, NULL, NULL, NULL, NULL, NULL, NULL, 0, NULL);

-- mat_event_modular_relationship 新增数据
INSERT INTO  `mat_event_modular_relationship`( `event_code`, `mod_code`, `REVISION`, `CREATED_BY`, `CREATED_TIME`, `UPDATED_BY`, `UPDATED_TIME`, `delete_by`, `is_delete`, `delete_time`) VALUES ('followOfficial', 'official', NULL, NULL, NULL, NULL, NULL, NULL, 0, NULL);
INSERT INTO  `mat_event_modular_relationship`( `event_code`, `mod_code`, `REVISION`, `CREATED_BY`, `CREATED_TIME`, `UPDATED_BY`, `UPDATED_TIME`, `delete_by`, `is_delete`, `delete_time`) VALUES ('cancelOfficial', 'official', NULL, NULL, NULL, NULL, NULL, NULL, 0, NULL);
INSERT INTO  `mat_event_modular_relationship`( `event_code`, `mod_code`, `REVISION`, `CREATED_BY`, `CREATED_TIME`, `UPDATED_BY`, `UPDATED_TIME`, `delete_by`, `is_delete`, `delete_time`) VALUES ('userSendLocationuserSendLocation', 'official', NULL, NULL, NULL, NULL, NULL, NULL, 0, NULL);
INSERT INTO  `mat_event_modular_relationship`( `event_code`, `mod_code`, `REVISION`, `CREATED_BY`, `CREATED_TIME`, `UPDATED_BY`, `UPDATED_TIME`, `delete_by`, `is_delete`, `delete_time`) VALUES ('userObtainCard', 'official', NULL, NULL, NULL, NULL, NULL, NULL, 0, NULL);
INSERT INTO  `mat_event_modular_relationship`( `event_code`, `mod_code`, `REVISION`, `CREATED_BY`, `CREATED_TIME`, `UPDATED_BY`, `UPDATED_TIME`, `delete_by`, `is_delete`, `delete_time`) VALUES ('userDelCard', 'official', NULL, NULL, NULL, NULL, NULL, NULL, 0, NULL);
INSERT INTO  `mat_event_modular_relationship`( `event_code`, `mod_code`, `REVISION`, `CREATED_BY`, `CREATED_TIME`, `UPDATED_BY`, `UPDATED_TIME`, `delete_by`, `is_delete`, `delete_time`) VALUES ('userSeeMemberCard', 'official', NULL, NULL, NULL, NULL, NULL, NULL, 0, NULL);
INSERT INTO  `mat_event_modular_relationship`( `event_code`, `mod_code`, `REVISION`, `CREATED_BY`, `CREATED_TIME`, `UPDATED_BY`, `UPDATED_TIME`, `delete_by`, `is_delete`, `delete_time`) VALUES ('userUseCartToOfficial', 'official', NULL, NULL, NULL, NULL, NULL, NULL, 0, NULL);
INSERT INTO  `mat_event_modular_relationship`( `event_code`, `mod_code`, `REVISION`, `CREATED_BY`, `CREATED_TIME`, `UPDATED_BY`, `UPDATED_TIME`, `delete_by`, `is_delete`, `delete_time`) VALUES ('userUseCard', 'official', NULL, NULL, NULL, NULL, NULL, NULL, 0, NULL);
INSERT INTO  `mat_event_modular_relationship`( `event_code`, `mod_code`, `REVISION`, `CREATED_BY`, `CREATED_TIME`, `UPDATED_BY`, `UPDATED_TIME`, `delete_by`, `is_delete`, `delete_time`) VALUES ('userSendInfo', 'official', NULL, NULL, NULL, NULL, NULL, NULL, 0, NULL);
INSERT INTO  `mat_event_modular_relationship`( `event_code`, `mod_code`, `REVISION`, `CREATED_BY`, `CREATED_TIME`, `UPDATED_BY`, `UPDATED_TIME`, `delete_by`, `is_delete`, `delete_time`) VALUES ( 'optMenu', 'official', NULL, NULL, NULL, NULL, NULL, NULL, 0, NULL);
INSERT INTO  `mat_event_modular_relationship`( `event_code`, `mod_code`, `REVISION`, `CREATED_BY`, `CREATED_TIME`, `UPDATED_BY`, `UPDATED_TIME`, `delete_by`, `is_delete`, `delete_time`) VALUES ( 'optQRCode', 'official', NULL, NULL, NULL, NULL, NULL, NULL, 0, NULL);
INSERT INTO  `mat_event_modular_relationship`( `event_code`, `mod_code`, `REVISION`, `CREATED_BY`, `CREATED_TIME`, `UPDATED_BY`, `UPDATED_TIME`, `delete_by`, `is_delete`, `delete_time`) VALUES ( 'newUserRegist', 'crm', NULL, NULL, NULL, NULL, NULL, NULL, 0, NULL);
INSERT INTO  `mat_event_modular_relationship`( `event_code`, `mod_code`, `REVISION`, `CREATED_BY`, `CREATED_TIME`, `UPDATED_BY`, `UPDATED_TIME`, `delete_by`, `is_delete`, `delete_time`) VALUES ( 'oldMemberBind', 'crm', NULL, NULL, NULL, NULL, NULL, NULL, 0, NULL);
INSERT INTO  `mat_event_modular_relationship`( `event_code`, `mod_code`, `REVISION`, `CREATED_BY`, `CREATED_TIME`, `UPDATED_BY`, `UPDATED_TIME`, `delete_by`, `is_delete`, `delete_time`) VALUES ( 'memberLevelChange', 'crm', NULL, NULL, NULL, NULL, NULL, NULL, 0, NULL);
INSERT INTO  `mat_event_modular_relationship`( `event_code`, `mod_code`, `REVISION`, `CREATED_BY`, `CREATED_TIME`, `UPDATED_BY`, `UPDATED_TIME`, `delete_by`, `is_delete`, `delete_time`) VALUES ( 'integralObtain', 'crm', NULL, NULL, NULL, NULL, NULL, NULL, 0, NULL);
INSERT INTO  `mat_event_modular_relationship`( `event_code`, `mod_code`, `REVISION`, `CREATED_BY`, `CREATED_TIME`, `UPDATED_BY`, `UPDATED_TIME`, `delete_by`, `is_delete`, `delete_time`) VALUES ( 'integralConsume', 'crm', NULL, NULL, NULL, NULL, NULL, NULL, 0, NULL);
INSERT INTO  `mat_event_modular_relationship`( `event_code`, `mod_code`, `REVISION`, `CREATED_BY`, `CREATED_TIME`, `UPDATED_BY`, `UPDATED_TIME`, `delete_by`, `is_delete`, `delete_time`) VALUES ( 'memberConsumption', 'crm', NULL, NULL, NULL, NULL, NULL, NULL, 0, NULL);
INSERT INTO  `mat_event_modular_relationship`( `event_code`, `mod_code`, `REVISION`, `CREATED_BY`, `CREATED_TIME`, `UPDATED_BY`, `UPDATED_TIME`, `delete_by`, `is_delete`, `delete_time`) VALUES ( 'collarCoupon', 'crm', NULL, NULL, NULL, NULL, NULL, NULL, 0, NULL);
INSERT INTO  `mat_event_modular_relationship`( `event_code`, `mod_code`, `REVISION`, `CREATED_BY`, `CREATED_TIME`, `UPDATED_BY`, `UPDATED_TIME`, `delete_by`, `is_delete`, `delete_time`) VALUES ( 'useCoupon', 'crm', NULL, NULL, NULL, NULL, NULL, NULL, 0, NULL);
INSERT INTO  `mat_event_modular_relationship`( `event_code`, `mod_code`, `REVISION`, `CREATED_BY`, `CREATED_TIME`, `UPDATED_BY`, `UPDATED_TIME`, `delete_by`, `is_delete`, `delete_time`) VALUES ( 'couponExpire', 'crm', NULL, NULL, NULL, NULL, NULL, NULL, 0, NULL);
INSERT INTO  `mat_event_modular_relationship`( `event_code`, `mod_code`, `REVISION`, `CREATED_BY`, `CREATED_TIME`, `UPDATED_BY`, `UPDATED_TIME`, `delete_by`, `is_delete`, `delete_time`) VALUES ( 'openApp', 'app', NULL, NULL, NULL, NULL, NULL, NULL, 0, NULL);
INSERT INTO  `mat_event_modular_relationship`( `event_code`, `mod_code`, `REVISION`, `CREATED_BY`, `CREATED_TIME`, `UPDATED_BY`, `UPDATED_TIME`, `delete_by`, `is_delete`, `delete_time`) VALUES ( 'visitPage', 'app', NULL, NULL, NULL, NULL, NULL, NULL, 0, NULL);
INSERT INTO  `mat_event_modular_relationship`( `event_code`, `mod_code`, `REVISION`, `CREATED_BY`, `CREATED_TIME`, `UPDATED_BY`, `UPDATED_TIME`, `delete_by`, `is_delete`, `delete_time`) VALUES ( 'openArrivalNotice', 'online_shop', NULL, NULL, NULL, NULL, NULL, NULL, 0, NULL);
INSERT INTO  `mat_event_modular_relationship`( `event_code`, `mod_code`, `REVISION`, `CREATED_BY`, `CREATED_TIME`, `UPDATED_BY`, `UPDATED_TIME`, `delete_by`, `is_delete`, `delete_time`) VALUES ( 'addToShoppingCart', 'online_shop', NULL, NULL, NULL, NULL, NULL, NULL, 0, NULL);
INSERT INTO  `mat_event_modular_relationship`( `event_code`, `mod_code`, `REVISION`, `CREATED_BY`, `CREATED_TIME`, `UPDATED_BY`, `UPDATED_TIME`, `delete_by`, `is_delete`, `delete_time`) VALUES ( 'collectProduct', 'online_shop', NULL, NULL, NULL, NULL, NULL, NULL, 0, NULL);
INSERT INTO  `mat_event_modular_relationship`( `event_code`, `mod_code`, `REVISION`, `CREATED_BY`, `CREATED_TIME`, `UPDATED_BY`, `UPDATED_TIME`, `delete_by`, `is_delete`, `delete_time`) VALUES ( 'openReducePriceNotice', 'online_shop', NULL, NULL, NULL, NULL, NULL, NULL, 0, NULL);
INSERT INTO  `mat_event_modular_relationship`( `event_code`, `mod_code`, `REVISION`, `CREATED_BY`, `CREATED_TIME`, `UPDATED_BY`, `UPDATED_TIME`, `delete_by`, `is_delete`, `delete_time`) VALUES ( NULL, 'online_shop', NULL, NULL, NULL, NULL, NULL, NULL, 0, NULL);
INSERT INTO  `mat_event_modular_relationship`( `event_code`, `mod_code`, `REVISION`, `CREATED_BY`, `CREATED_TIME`, `UPDATED_BY`, `UPDATED_TIME`, `delete_by`, `is_delete`, `delete_time`) VALUES ( 'submitOrder', 'online_shop', NULL, NULL, NULL, NULL, NULL, NULL, 0, NULL);
INSERT INTO  `mat_event_modular_relationship`( `event_code`, `mod_code`, `REVISION`, `CREATED_BY`, `CREATED_TIME`, `UPDATED_BY`, `UPDATED_TIME`, `delete_by`, `is_delete`, `delete_time`) VALUES ( 'cancelOrder', 'online_shop', NULL, NULL, NULL, NULL, NULL, NULL, 0, NULL);
INSERT INTO  `mat_event_modular_relationship`( `event_code`, `mod_code`, `REVISION`, `CREATED_BY`, `CREATED_TIME`, `UPDATED_BY`, `UPDATED_TIME`, `delete_by`, `is_delete`, `delete_time`) VALUES ( 'commonOrderPayFail', 'online_shop', NULL, NULL, NULL, NULL, NULL, NULL, 0, NULL);
INSERT INTO  `mat_event_modular_relationship`( `event_code`, `mod_code`, `REVISION`, `CREATED_BY`, `CREATED_TIME`, `UPDATED_BY`, `UPDATED_TIME`, `delete_by`, `is_delete`, `delete_time`) VALUES ( 'commonOrderPaySuccess', 'online_shop', NULL, NULL, NULL, NULL, NULL, NULL, 0, NULL);
INSERT INTO  `mat_event_modular_relationship`( `event_code`, `mod_code`, `REVISION`, `CREATED_BY`, `CREATED_TIME`, `UPDATED_BY`, `UPDATED_TIME`, `delete_by`, `is_delete`, `delete_time`) VALUES ( 'presaleOrderDepositPay', 'online_shop', NULL, NULL, NULL, NULL, NULL, NULL, 0, NULL);
INSERT INTO  `mat_event_modular_relationship`( `event_code`, `mod_code`, `REVISION`, `CREATED_BY`, `CREATED_TIME`, `UPDATED_BY`, `UPDATED_TIME`, `delete_by`, `is_delete`, `delete_time`) VALUES ( 'returnGoodsRefund', 'online_shop', NULL, NULL, NULL, NULL, NULL, NULL, 0, NULL);
INSERT INTO  `mat_event_modular_relationship`( `event_code`, `mod_code`, `REVISION`, `CREATED_BY`, `CREATED_TIME`, `UPDATED_BY`, `UPDATED_TIME`, `delete_by`, `is_delete`, `delete_time`) VALUES ( 'onlyRefund', 'online_shop', NULL, NULL, NULL, NULL, NULL, NULL, 0, NULL);
INSERT INTO  `mat_event_modular_relationship`( `event_code`, `mod_code`, `REVISION`, `CREATED_BY`, `CREATED_TIME`, `UPDATED_BY`, `UPDATED_TIME`, `delete_by`, `is_delete`, `delete_time`) VALUES ( 'clickNotStartLiveTV', 'online_shop', NULL, NULL, NULL, NULL, NULL, NULL, 0, NULL);
INSERT INTO  `mat_event_modular_relationship`( `event_code`, `mod_code`, `REVISION`, `CREATED_BY`, `CREATED_TIME`, `UPDATED_BY`, `UPDATED_TIME`, `delete_by`, `is_delete`, `delete_time`) VALUES ( 'shareRecruitCode', 'shop_guide', NULL, NULL, NULL, NULL, NULL, NULL, 0, NULL);

-- mat_event_property_relationship 新增数据
INSERT INTO  `mat_event_property_relationship`( `event_code`, `property_code`, `REVISION`, `CREATED_BY`, `CREATED_TIME`, `UPDATED_BY`, `UPDATED_TIME`, `delete_by`, `is_delete`, `delete_time`) VALUES ('followOfficial', 'appid', NULL, NULL, NULL, NULL, NULL, NULL, 0, NULL);
INSERT INTO  `mat_event_property_relationship`( `event_code`, `property_code`, `REVISION`, `CREATED_BY`, `CREATED_TIME`, `UPDATED_BY`, `UPDATED_TIME`, `delete_by`, `is_delete`, `delete_time`) VALUES ('followOfficial', 'eventTime', NULL, NULL, NULL, NULL, NULL, NULL, 0, NULL);
INSERT INTO  `mat_event_property_relationship`( `event_code`, `property_code`, `REVISION`, `CREATED_BY`, `CREATED_TIME`, `UPDATED_BY`, `UPDATED_TIME`, `delete_by`, `is_delete`, `delete_time`) VALUES ('cancelOfficial', 'appid', NULL, NULL, NULL, NULL, NULL, NULL, 0, NULL);
INSERT INTO  `mat_event_property_relationship`( `event_code`, `property_code`, `REVISION`, `CREATED_BY`, `CREATED_TIME`, `UPDATED_BY`, `UPDATED_TIME`, `delete_by`, `is_delete`, `delete_time`) VALUES ('cancelOfficial', 'eventTime', NULL, NULL, NULL, NULL, NULL, NULL, 0, NULL);
INSERT INTO  `mat_event_property_relationship`( `event_code`, `property_code`, `REVISION`, `CREATED_BY`, `CREATED_TIME`, `UPDATED_BY`, `UPDATED_TIME`, `delete_by`, `is_delete`, `delete_time`) VALUES ('userSendLocationuserSendLocation', 'appid', NULL, NULL, NULL, NULL, NULL, NULL, 0, NULL);
INSERT INTO  `mat_event_property_relationship`( `event_code`, `property_code`, `REVISION`, `CREATED_BY`, `CREATED_TIME`, `UPDATED_BY`, `UPDATED_TIME`, `delete_by`, `is_delete`, `delete_time`) VALUES ('userSendLocationuserSendLocation', 'locationInfo', NULL, NULL, NULL, NULL, NULL, NULL, 0, NULL);
INSERT INTO  `mat_event_property_relationship`( `event_code`, `property_code`, `REVISION`, `CREATED_BY`, `CREATED_TIME`, `UPDATED_BY`, `UPDATED_TIME`, `delete_by`, `is_delete`, `delete_time`) VALUES ('userSendLocationuserSendLocation', 'eventTime', NULL, NULL, NULL, NULL, NULL, NULL, 0, NULL);
INSERT INTO  `mat_event_property_relationship`( `event_code`, `property_code`, `REVISION`, `CREATED_BY`, `CREATED_TIME`, `UPDATED_BY`, `UPDATED_TIME`, `delete_by`, `is_delete`, `delete_time`) VALUES ('userObtainCard', 'appid', NULL, NULL, NULL, NULL, NULL, NULL, 0, NULL);
INSERT INTO  `mat_event_property_relationship`( `event_code`, `property_code`, `REVISION`, `CREATED_BY`, `CREATED_TIME`, `UPDATED_BY`, `UPDATED_TIME`, `delete_by`, `is_delete`, `delete_time`) VALUES ('userObtainCard', 'eventTime', NULL, NULL, NULL, NULL, NULL, NULL, 0, NULL);
INSERT INTO  `mat_event_property_relationship`( `event_code`, `property_code`, `REVISION`, `CREATED_BY`, `CREATED_TIME`, `UPDATED_BY`, `UPDATED_TIME`, `delete_by`, `is_delete`, `delete_time`) VALUES ( 'userObtainCard', 'cardNum', NULL, NULL, NULL, NULL, NULL, NULL, 0, NULL);
INSERT INTO  `mat_event_property_relationship`( `event_code`, `property_code`, `REVISION`, `CREATED_BY`, `CREATED_TIME`, `UPDATED_BY`, `UPDATED_TIME`, `delete_by`, `is_delete`, `delete_time`) VALUES ( 'userObtainCard', 'cardType', NULL, NULL, NULL, NULL, NULL, NULL, 0, NULL);
INSERT INTO  `mat_event_property_relationship`( `event_code`, `property_code`, `REVISION`, `CREATED_BY`, `CREATED_TIME`, `UPDATED_BY`, `UPDATED_TIME`, `delete_by`, `is_delete`, `delete_time`) VALUES ( 'userObtainCard', 'cardContent', NULL, NULL, NULL, NULL, NULL, NULL, 0, NULL);
INSERT INTO  `mat_event_property_relationship`( `event_code`, `property_code`, `REVISION`, `CREATED_BY`, `CREATED_TIME`, `UPDATED_BY`, `UPDATED_TIME`, `delete_by`, `is_delete`, `delete_time`) VALUES ( 'userObtainCard', 'withActivity', NULL, NULL, NULL, NULL, NULL, NULL, 0, NULL);
INSERT INTO  `mat_event_property_relationship`( `event_code`, `property_code`, `REVISION`, `CREATED_BY`, `CREATED_TIME`, `UPDATED_BY`, `UPDATED_TIME`, `delete_by`, `is_delete`, `delete_time`) VALUES ( 'userDelCard', 'appid', NULL, NULL, NULL, NULL, NULL, NULL, 0, NULL);
INSERT INTO  `mat_event_property_relationship`( `event_code`, `property_code`, `REVISION`, `CREATED_BY`, `CREATED_TIME`, `UPDATED_BY`, `UPDATED_TIME`, `delete_by`, `is_delete`, `delete_time`) VALUES ( 'userDelCard', 'eventTime', NULL, NULL, NULL, NULL, NULL, NULL, 0, NULL);
INSERT INTO  `mat_event_property_relationship`( `event_code`, `property_code`, `REVISION`, `CREATED_BY`, `CREATED_TIME`, `UPDATED_BY`, `UPDATED_TIME`, `delete_by`, `is_delete`, `delete_time`) VALUES ( 'userDelCard', 'cardNum', NULL, NULL, NULL, NULL, NULL, NULL, 0, NULL);
INSERT INTO  `mat_event_property_relationship`( `event_code`, `property_code`, `REVISION`, `CREATED_BY`, `CREATED_TIME`, `UPDATED_BY`, `UPDATED_TIME`, `delete_by`, `is_delete`, `delete_time`) VALUES ( 'userDelCard', 'cardType', NULL, NULL, NULL, NULL, NULL, NULL, 0, NULL);
INSERT INTO  `mat_event_property_relationship`( `event_code`, `property_code`, `REVISION`, `CREATED_BY`, `CREATED_TIME`, `UPDATED_BY`, `UPDATED_TIME`, `delete_by`, `is_delete`, `delete_time`) VALUES ( 'userSeeMemberCard', 'appid', NULL, NULL, NULL, NULL, NULL, NULL, 0, NULL);
INSERT INTO  `mat_event_property_relationship`( `event_code`, `property_code`, `REVISION`, `CREATED_BY`, `CREATED_TIME`, `UPDATED_BY`, `UPDATED_TIME`, `delete_by`, `is_delete`, `delete_time`) VALUES ( 'userSeeMemberCard', 'eventTime', NULL, NULL, NULL, NULL, NULL, NULL, 0, NULL);
INSERT INTO  `mat_event_property_relationship`( `event_code`, `property_code`, `REVISION`, `CREATED_BY`, `CREATED_TIME`, `UPDATED_BY`, `UPDATED_TIME`, `delete_by`, `is_delete`, `delete_time`) VALUES ( 'userSeeMemberCard', 'memberCardNum', NULL, NULL, NULL, NULL, NULL, NULL, 0, NULL);
INSERT INTO  `mat_event_property_relationship`( `event_code`, `property_code`, `REVISION`, `CREATED_BY`, `CREATED_TIME`, `UPDATED_BY`, `UPDATED_TIME`, `delete_by`, `is_delete`, `delete_time`) VALUES ( 'userSeeMemberCard', 'memberCardContent', NULL, NULL, NULL, NULL, NULL, NULL, 0, NULL);
INSERT INTO  `mat_event_property_relationship`( `event_code`, `property_code`, `REVISION`, `CREATED_BY`, `CREATED_TIME`, `UPDATED_BY`, `UPDATED_TIME`, `delete_by`, `is_delete`, `delete_time`) VALUES ( 'userSeeMemberCard', 'memberCardLevel', NULL, NULL, NULL, NULL, NULL, NULL, 0, NULL);
INSERT INTO  `mat_event_property_relationship`( `event_code`, `property_code`, `REVISION`, `CREATED_BY`, `CREATED_TIME`, `UPDATED_BY`, `UPDATED_TIME`, `delete_by`, `is_delete`, `delete_time`) VALUES ( 'userUseCartToOfficial', 'appid', NULL, NULL, NULL, NULL, NULL, NULL, 0, NULL);
INSERT INTO  `mat_event_property_relationship`( `event_code`, `property_code`, `REVISION`, `CREATED_BY`, `CREATED_TIME`, `UPDATED_BY`, `UPDATED_TIME`, `delete_by`, `is_delete`, `delete_time`) VALUES ( 'userUseCartToOfficial', 'eventTime', NULL, NULL, NULL, NULL, NULL, NULL, 0, NULL);
INSERT INTO  `mat_event_property_relationship`( `event_code`, `property_code`, `REVISION`, `CREATED_BY`, `CREATED_TIME`, `UPDATED_BY`, `UPDATED_TIME`, `delete_by`, `is_delete`, `delete_time`) VALUES ( 'userUseCartToOfficial', 'cardNum', NULL, NULL, NULL, NULL, NULL, NULL, 0, NULL);
INSERT INTO  `mat_event_property_relationship`( `event_code`, `property_code`, `REVISION`, `CREATED_BY`, `CREATED_TIME`, `UPDATED_BY`, `UPDATED_TIME`, `delete_by`, `is_delete`, `delete_time`) VALUES ( 'userUseCartToOfficial', 'cardType', NULL, NULL, NULL, NULL, NULL, NULL, 0, NULL);
INSERT INTO  `mat_event_property_relationship`( `event_code`, `property_code`, `REVISION`, `CREATED_BY`, `CREATED_TIME`, `UPDATED_BY`, `UPDATED_TIME`, `delete_by`, `is_delete`, `delete_time`) VALUES ( 'userUseCartToOfficial', 'cardContent', NULL, NULL, NULL, NULL, NULL, NULL, 0, NULL);
INSERT INTO  `mat_event_property_relationship`( `event_code`, `property_code`, `REVISION`, `CREATED_BY`, `CREATED_TIME`, `UPDATED_BY`, `UPDATED_TIME`, `delete_by`, `is_delete`, `delete_time`) VALUES ( 'userUseCard', 'appid', NULL, NULL, NULL, NULL, NULL, NULL, 0, NULL);
INSERT INTO  `mat_event_property_relationship`( `event_code`, `property_code`, `REVISION`, `CREATED_BY`, `CREATED_TIME`, `UPDATED_BY`, `UPDATED_TIME`, `delete_by`, `is_delete`, `delete_time`) VALUES ( 'userUseCard', 'eventTime', NULL, NULL, NULL, NULL, NULL, NULL, 0, NULL);
INSERT INTO  `mat_event_property_relationship`( `event_code`, `property_code`, `REVISION`, `CREATED_BY`, `CREATED_TIME`, `UPDATED_BY`, `UPDATED_TIME`, `delete_by`, `is_delete`, `delete_time`) VALUES ( 'userUseCard', 'cardNum', NULL, NULL, NULL, NULL, NULL, NULL, 0, NULL);
INSERT INTO  `mat_event_property_relationship`( `event_code`, `property_code`, `REVISION`, `CREATED_BY`, `CREATED_TIME`, `UPDATED_BY`, `UPDATED_TIME`, `delete_by`, `is_delete`, `delete_time`) VALUES ( 'userUseCard', 'cardType', NULL, NULL, NULL, NULL, NULL, NULL, 0, NULL);
INSERT INTO  `mat_event_property_relationship`( `event_code`, `property_code`, `REVISION`, `CREATED_BY`, `CREATED_TIME`, `UPDATED_BY`, `UPDATED_TIME`, `delete_by`, `is_delete`, `delete_time`) VALUES ( 'userUseCard', 'cardContent', NULL, NULL, NULL, NULL, NULL, NULL, 0, NULL);
INSERT INTO  `mat_event_property_relationship`( `event_code`, `property_code`, `REVISION`, `CREATED_BY`, `CREATED_TIME`, `UPDATED_BY`, `UPDATED_TIME`, `delete_by`, `is_delete`, `delete_time`) VALUES ( 'userUseCard', 'cardWithOrderNum', NULL, NULL, NULL, NULL, NULL, NULL, 0, NULL);
INSERT INTO  `mat_event_property_relationship`( `event_code`, `property_code`, `REVISION`, `CREATED_BY`, `CREATED_TIME`, `UPDATED_BY`, `UPDATED_TIME`, `delete_by`, `is_delete`, `delete_time`) VALUES ( 'userSendInfo', 'appid', NULL, NULL, NULL, NULL, NULL, NULL, 0, NULL);
INSERT INTO  `mat_event_property_relationship`( `event_code`, `property_code`, `REVISION`, `CREATED_BY`, `CREATED_TIME`, `UPDATED_BY`, `UPDATED_TIME`, `delete_by`, `is_delete`, `delete_time`) VALUES ( 'userSendInfo', 'eventTime', NULL, NULL, NULL, NULL, NULL, NULL, 0, NULL);
INSERT INTO  `mat_event_property_relationship`( `event_code`, `property_code`, `REVISION`, `CREATED_BY`, `CREATED_TIME`, `UPDATED_BY`, `UPDATED_TIME`, `delete_by`, `is_delete`, `delete_time`) VALUES ( 'userSendInfo', 'messageType', NULL, NULL, NULL, NULL, NULL, NULL, 0, NULL);
INSERT INTO  `mat_event_property_relationship`( `event_code`, `property_code`, `REVISION`, `CREATED_BY`, `CREATED_TIME`, `UPDATED_BY`, `UPDATED_TIME`, `delete_by`, `is_delete`, `delete_time`) VALUES ( 'userSendInfo', 'messageContent', NULL, NULL, NULL, NULL, NULL, NULL, 0, NULL);
INSERT INTO  `mat_event_property_relationship`( `event_code`, `property_code`, `REVISION`, `CREATED_BY`, `CREATED_TIME`, `UPDATED_BY`, `UPDATED_TIME`, `delete_by`, `is_delete`, `delete_time`) VALUES ( 'optMenu', 'appid', NULL, NULL, NULL, NULL, NULL, NULL, 0, NULL);
INSERT INTO  `mat_event_property_relationship`( `event_code`, `property_code`, `REVISION`, `CREATED_BY`, `CREATED_TIME`, `UPDATED_BY`, `UPDATED_TIME`, `delete_by`, `is_delete`, `delete_time`) VALUES ( 'optMenu', 'eventTime', NULL, NULL, NULL, NULL, NULL, NULL, 0, NULL);
INSERT INTO  `mat_event_property_relationship`( `event_code`, `property_code`, `REVISION`, `CREATED_BY`, `CREATED_TIME`, `UPDATED_BY`, `UPDATED_TIME`, `delete_by`, `is_delete`, `delete_time`) VALUES ( 'optMenu', 'menuNum', NULL, NULL, NULL, NULL, NULL, NULL, 0, NULL);
INSERT INTO  `mat_event_property_relationship`( `event_code`, `property_code`, `REVISION`, `CREATED_BY`, `CREATED_TIME`, `UPDATED_BY`, `UPDATED_TIME`, `delete_by`, `is_delete`, `delete_time`) VALUES ( 'optMenu', 'menuName', NULL, NULL, NULL, NULL, NULL, NULL, 0, NULL);
INSERT INTO  `mat_event_property_relationship`( `event_code`, `property_code`, `REVISION`, `CREATED_BY`, `CREATED_TIME`, `UPDATED_BY`, `UPDATED_TIME`, `delete_by`, `is_delete`, `delete_time`) VALUES ( 'optMenu', 'menuUrl', NULL, NULL, NULL, NULL, NULL, NULL, 0, NULL);
INSERT INTO  `mat_event_property_relationship`( `event_code`, `property_code`, `REVISION`, `CREATED_BY`, `CREATED_TIME`, `UPDATED_BY`, `UPDATED_TIME`, `delete_by`, `is_delete`, `delete_time`) VALUES ( 'newUserRegist', 'appid', NULL, NULL, NULL, NULL, NULL, NULL, 0, NULL);
INSERT INTO  `mat_event_property_relationship`( `event_code`, `property_code`, `REVISION`, `CREATED_BY`, `CREATED_TIME`, `UPDATED_BY`, `UPDATED_TIME`, `delete_by`, `is_delete`, `delete_time`) VALUES ( 'newUserRegist', 'eventTime', NULL, NULL, NULL, NULL, NULL, NULL, 0, NULL);
INSERT INTO  `mat_event_property_relationship`( `event_code`, `property_code`, `REVISION`, `CREATED_BY`, `CREATED_TIME`, `UPDATED_BY`, `UPDATED_TIME`, `delete_by`, `is_delete`, `delete_time`) VALUES ( 'newUserRegist', 'mobile', NULL, NULL, NULL, NULL, NULL, NULL, 0, NULL);
INSERT INTO  `mat_event_property_relationship`( `event_code`, `property_code`, `REVISION`, `CREATED_BY`, `CREATED_TIME`, `UPDATED_BY`, `UPDATED_TIME`, `delete_by`, `is_delete`, `delete_time`) VALUES ( 'newUserRegist', 'account', NULL, NULL, NULL, NULL, NULL, NULL, 0, NULL);
INSERT INTO  `mat_event_property_relationship`( `event_code`, `property_code`, `REVISION`, `CREATED_BY`, `CREATED_TIME`, `UPDATED_BY`, `UPDATED_TIME`, `delete_by`, `is_delete`, `delete_time`) VALUES ( 'newUserRegist', 'sex', NULL, NULL, NULL, NULL, NULL, NULL, 0, NULL);
INSERT INTO  `mat_event_property_relationship`( `event_code`, `property_code`, `REVISION`, `CREATED_BY`, `CREATED_TIME`, `UPDATED_BY`, `UPDATED_TIME`, `delete_by`, `is_delete`, `delete_time`) VALUES ( 'newUserRegist', 'email', NULL, NULL, NULL, NULL, NULL, NULL, 0, NULL);
INSERT INTO  `mat_event_property_relationship`( `event_code`, `property_code`, `REVISION`, `CREATED_BY`, `CREATED_TIME`, `UPDATED_BY`, `UPDATED_TIME`, `delete_by`, `is_delete`, `delete_time`) VALUES ( 'oldMemberBind', 'appid', NULL, NULL, NULL, NULL, NULL, NULL, 0, NULL);
INSERT INTO  `mat_event_property_relationship`( `event_code`, `property_code`, `REVISION`, `CREATED_BY`, `CREATED_TIME`, `UPDATED_BY`, `UPDATED_TIME`, `delete_by`, `is_delete`, `delete_time`) VALUES ( 'oldMemberBind', 'eventTime', NULL, NULL, NULL, NULL, NULL, NULL, 0, NULL);
INSERT INTO  `mat_event_property_relationship`( `event_code`, `property_code`, `REVISION`, `CREATED_BY`, `CREATED_TIME`, `UPDATED_BY`, `UPDATED_TIME`, `delete_by`, `is_delete`, `delete_time`) VALUES ( 'oldMemberBind', 'mobile', NULL, NULL, NULL, NULL, NULL, NULL, 0, NULL);
INSERT INTO  `mat_event_property_relationship`( `event_code`, `property_code`, `REVISION`, `CREATED_BY`, `CREATED_TIME`, `UPDATED_BY`, `UPDATED_TIME`, `delete_by`, `is_delete`, `delete_time`) VALUES ( 'oldMemberBind', 'account', NULL, NULL, NULL, NULL, NULL, NULL, 0, NULL);
INSERT INTO  `mat_event_property_relationship`( `event_code`, `property_code`, `REVISION`, `CREATED_BY`, `CREATED_TIME`, `UPDATED_BY`, `UPDATED_TIME`, `delete_by`, `is_delete`, `delete_time`) VALUES ( 'oldMemberBind', 'sex', NULL, NULL, NULL, NULL, NULL, NULL, 0, NULL);
INSERT INTO  `mat_event_property_relationship`( `event_code`, `property_code`, `REVISION`, `CREATED_BY`, `CREATED_TIME`, `UPDATED_BY`, `UPDATED_TIME`, `delete_by`, `is_delete`, `delete_time`) VALUES ( 'oldMemberBind', 'email', NULL, NULL, NULL, NULL, NULL, NULL, 0, NULL);
INSERT INTO  `mat_event_property_relationship`( `event_code`, `property_code`, `REVISION`, `CREATED_BY`, `CREATED_TIME`, `UPDATED_BY`, `UPDATED_TIME`, `delete_by`, `is_delete`, `delete_time`) VALUES ( 'memberLevelChange', 'appid', NULL, NULL, NULL, NULL, NULL, NULL, 0, NULL);
INSERT INTO  `mat_event_property_relationship`( `event_code`, `property_code`, `REVISION`, `CREATED_BY`, `CREATED_TIME`, `UPDATED_BY`, `UPDATED_TIME`, `delete_by`, `is_delete`, `delete_time`) VALUES ( 'memberLevelChange', 'eventTime', NULL, NULL, NULL, NULL, NULL, NULL, 0, NULL);
INSERT INTO  `mat_event_property_relationship`( `event_code`, `property_code`, `REVISION`, `CREATED_BY`, `CREATED_TIME`, `UPDATED_BY`, `UPDATED_TIME`, `delete_by`, `is_delete`, `delete_time`) VALUES ( 'memberLevelChange', 'changeLevel', NULL, NULL, NULL, NULL, NULL, NULL, 0, NULL);
INSERT INTO  `mat_event_property_relationship`( `event_code`, `property_code`, `REVISION`, `CREATED_BY`, `CREATED_TIME`, `UPDATED_BY`, `UPDATED_TIME`, `delete_by`, `is_delete`, `delete_time`) VALUES ( 'integralObtain', 'appid', NULL, NULL, NULL, NULL, NULL, NULL, 0, NULL);
INSERT INTO  `mat_event_property_relationship`( `event_code`, `property_code`, `REVISION`, `CREATED_BY`, `CREATED_TIME`, `UPDATED_BY`, `UPDATED_TIME`, `delete_by`, `is_delete`, `delete_time`) VALUES ( 'integralObtain', 'eventTime', NULL, NULL, NULL, NULL, NULL, NULL, 0, NULL);
INSERT INTO  `mat_event_property_relationship`( `event_code`, `property_code`, `REVISION`, `CREATED_BY`, `CREATED_TIME`, `UPDATED_BY`, `UPDATED_TIME`, `delete_by`, `is_delete`, `delete_time`) VALUES ( 'integralObtain', 'getIntegralCount', NULL, NULL, NULL, NULL, NULL, NULL, 0, NULL);
INSERT INTO  `mat_event_property_relationship`( `event_code`, `property_code`, `REVISION`, `CREATED_BY`, `CREATED_TIME`, `UPDATED_BY`, `UPDATED_TIME`, `delete_by`, `is_delete`, `delete_time`) VALUES ( 'integralObtain', 'getIntegralWay', NULL, NULL, NULL, NULL, NULL, NULL, 0, NULL);
INSERT INTO  `mat_event_property_relationship`( `event_code`, `property_code`, `REVISION`, `CREATED_BY`, `CREATED_TIME`, `UPDATED_BY`, `UPDATED_TIME`, `delete_by`, `is_delete`, `delete_time`) VALUES ( 'integralConsume', 'appid', NULL, NULL, NULL, NULL, NULL, NULL, 0, NULL);
INSERT INTO  `mat_event_property_relationship`( `event_code`, `property_code`, `REVISION`, `CREATED_BY`, `CREATED_TIME`, `UPDATED_BY`, `UPDATED_TIME`, `delete_by`, `is_delete`, `delete_time`) VALUES ( 'integralConsume', 'eventTime', NULL, NULL, NULL, NULL, NULL, NULL, 0, NULL);
INSERT INTO  `mat_event_property_relationship`( `event_code`, `property_code`, `REVISION`, `CREATED_BY`, `CREATED_TIME`, `UPDATED_BY`, `UPDATED_TIME`, `delete_by`, `is_delete`, `delete_time`) VALUES ( 'integralConsume', 'useIntegralCount', NULL, NULL, NULL, NULL, NULL, NULL, 0, NULL);
INSERT INTO  `mat_event_property_relationship`( `event_code`, `property_code`, `REVISION`, `CREATED_BY`, `CREATED_TIME`, `UPDATED_BY`, `UPDATED_TIME`, `delete_by`, `is_delete`, `delete_time`) VALUES ( 'integralConsume', 'useIntegralWay', NULL, NULL, NULL, NULL, NULL, NULL, 0, NULL);
INSERT INTO  `mat_event_property_relationship`( `event_code`, `property_code`, `REVISION`, `CREATED_BY`, `CREATED_TIME`, `UPDATED_BY`, `UPDATED_TIME`, `delete_by`, `is_delete`, `delete_time`) VALUES ( 'memberConsumption', 'appid', NULL, NULL, NULL, NULL, NULL, NULL, 0, NULL);
INSERT INTO  `mat_event_property_relationship`( `event_code`, `property_code`, `REVISION`, `CREATED_BY`, `CREATED_TIME`, `UPDATED_BY`, `UPDATED_TIME`, `delete_by`, `is_delete`, `delete_time`) VALUES ( 'memberConsumption', 'eventTime', NULL, NULL, NULL, NULL, NULL, NULL, 0, NULL);
INSERT INTO  `mat_event_property_relationship`( `event_code`, `property_code`, `REVISION`, `CREATED_BY`, `CREATED_TIME`, `UPDATED_BY`, `UPDATED_TIME`, `delete_by`, `is_delete`, `delete_time`) VALUES ( 'memberConsumption', 'consumptionNum', NULL, NULL, NULL, NULL, NULL, NULL, 0, NULL);
INSERT INTO  `mat_event_property_relationship`( `event_code`, `property_code`, `REVISION`, `CREATED_BY`, `CREATED_TIME`, `UPDATED_BY`, `UPDATED_TIME`, `delete_by`, `is_delete`, `delete_time`) VALUES ( 'memberConsumption', 'consumptionWay', NULL, NULL, NULL, NULL, NULL, NULL, 0, NULL);
INSERT INTO  `mat_event_property_relationship`( `event_code`, `property_code`, `REVISION`, `CREATED_BY`, `CREATED_TIME`, `UPDATED_BY`, `UPDATED_TIME`, `delete_by`, `is_delete`, `delete_time`) VALUES ( 'collarCoupon', 'appid', NULL, NULL, NULL, NULL, NULL, NULL, 0, NULL);
INSERT INTO  `mat_event_property_relationship`( `event_code`, `property_code`, `REVISION`, `CREATED_BY`, `CREATED_TIME`, `UPDATED_BY`, `UPDATED_TIME`, `delete_by`, `is_delete`, `delete_time`) VALUES ( 'collarCoupon', 'eventTime', NULL, NULL, NULL, NULL, NULL, NULL, 0, NULL);
INSERT INTO  `mat_event_property_relationship`( `event_code`, `property_code`, `REVISION`, `CREATED_BY`, `CREATED_TIME`, `UPDATED_BY`, `UPDATED_TIME`, `delete_by`, `is_delete`, `delete_time`) VALUES ( 'collarCoupon', 'couponNum', NULL, NULL, NULL, NULL, NULL, NULL, 0, NULL);
INSERT INTO  `mat_event_property_relationship`( `event_code`, `property_code`, `REVISION`, `CREATED_BY`, `CREATED_TIME`, `UPDATED_BY`, `UPDATED_TIME`, `delete_by`, `is_delete`, `delete_time`) VALUES ( 'collarCoupon', 'couponContent', NULL, NULL, NULL, NULL, NULL, NULL, 0, NULL);
INSERT INTO  `mat_event_property_relationship`( `event_code`, `property_code`, `REVISION`, `CREATED_BY`, `CREATED_TIME`, `UPDATED_BY`, `UPDATED_TIME`, `delete_by`, `is_delete`, `delete_time`) VALUES ( 'collarCoupon', 'collarWay', NULL, NULL, NULL, NULL, NULL, NULL, 0, NULL);
INSERT INTO  `mat_event_property_relationship`( `event_code`, `property_code`, `REVISION`, `CREATED_BY`, `CREATED_TIME`, `UPDATED_BY`, `UPDATED_TIME`, `delete_by`, `is_delete`, `delete_time`) VALUES ( 'useCoupon', 'appid', NULL, NULL, NULL, NULL, NULL, NULL, 0, NULL);
INSERT INTO  `mat_event_property_relationship`( `event_code`, `property_code`, `REVISION`, `CREATED_BY`, `CREATED_TIME`, `UPDATED_BY`, `UPDATED_TIME`, `delete_by`, `is_delete`, `delete_time`) VALUES ( 'useCoupon', 'eventTime', NULL, NULL, NULL, NULL, NULL, NULL, 0, NULL);
INSERT INTO  `mat_event_property_relationship`( `event_code`, `property_code`, `REVISION`, `CREATED_BY`, `CREATED_TIME`, `UPDATED_BY`, `UPDATED_TIME`, `delete_by`, `is_delete`, `delete_time`) VALUES ( 'useCoupon', 'useCouponWay', NULL, NULL, NULL, NULL, NULL, NULL, 0, NULL);
INSERT INTO  `mat_event_property_relationship`( `event_code`, `property_code`, `REVISION`, `CREATED_BY`, `CREATED_TIME`, `UPDATED_BY`, `UPDATED_TIME`, `delete_by`, `is_delete`, `delete_time`) VALUES ( 'useCoupon', 'couponNum', NULL, NULL, NULL, NULL, NULL, NULL, 0, NULL);
INSERT INTO  `mat_event_property_relationship`( `event_code`, `property_code`, `REVISION`, `CREATED_BY`, `CREATED_TIME`, `UPDATED_BY`, `UPDATED_TIME`, `delete_by`, `is_delete`, `delete_time`) VALUES ( 'couponExpire', 'appid', NULL, NULL, NULL, NULL, NULL, NULL, 0, NULL);
INSERT INTO  `mat_event_property_relationship`( `event_code`, `property_code`, `REVISION`, `CREATED_BY`, `CREATED_TIME`, `UPDATED_BY`, `UPDATED_TIME`, `delete_by`, `is_delete`, `delete_time`) VALUES ( 'couponExpire', 'eventTime', NULL, NULL, NULL, NULL, NULL, NULL, 0, NULL);
INSERT INTO  `mat_event_property_relationship`( `event_code`, `property_code`, `REVISION`, `CREATED_BY`, `CREATED_TIME`, `UPDATED_BY`, `UPDATED_TIME`, `delete_by`, `is_delete`, `delete_time`) VALUES ( 'couponExpire', 'couponNum', NULL, NULL, NULL, NULL, NULL, NULL, 0, NULL);
INSERT INTO  `mat_event_property_relationship`( `event_code`, `property_code`, `REVISION`, `CREATED_BY`, `CREATED_TIME`, `UPDATED_BY`, `UPDATED_TIME`, `delete_by`, `is_delete`, `delete_time`) VALUES ( 'openApp', 'appid', NULL, NULL, NULL, NULL, NULL, NULL, 0, NULL);
INSERT INTO  `mat_event_property_relationship`( `event_code`, `property_code`, `REVISION`, `CREATED_BY`, `CREATED_TIME`, `UPDATED_BY`, `UPDATED_TIME`, `delete_by`, `is_delete`, `delete_time`) VALUES ( 'openApp', 'eventTime', NULL, NULL, NULL, NULL, NULL, NULL, 0, NULL);
INSERT INTO  `mat_event_property_relationship`( `event_code`, `property_code`, `REVISION`, `CREATED_BY`, `CREATED_TIME`, `UPDATED_BY`, `UPDATED_TIME`, `delete_by`, `is_delete`, `delete_time`) VALUES ( 'visitPage', 'appid', NULL, NULL, NULL, NULL, NULL, NULL, 0, NULL);
INSERT INTO  `mat_event_property_relationship`( `event_code`, `property_code`, `REVISION`, `CREATED_BY`, `CREATED_TIME`, `UPDATED_BY`, `UPDATED_TIME`, `delete_by`, `is_delete`, `delete_time`) VALUES ('visitPage', 'eventTime', NULL, NULL, NULL, NULL, NULL, NULL, 0, NULL);
INSERT INTO  `mat_event_property_relationship`( `event_code`, `property_code`, `REVISION`, `CREATED_BY`, `CREATED_TIME`, `UPDATED_BY`, `UPDATED_TIME`, `delete_by`, `is_delete`, `delete_time`) VALUES ('visitPage', 'shopHomePage', NULL, NULL, NULL, NULL, NULL, NULL, 0, NULL);
INSERT INTO  `mat_event_property_relationship`( `event_code`, `property_code`, `REVISION`, `CREATED_BY`, `CREATED_TIME`, `UPDATED_BY`, `UPDATED_TIME`, `delete_by`, `is_delete`, `delete_time`) VALUES ('visitPage', 'communityPage', NULL, NULL, NULL, NULL, NULL, NULL, 0, NULL);
INSERT INTO  `mat_event_property_relationship`( `event_code`, `property_code`, `REVISION`, `CREATED_BY`, `CREATED_TIME`, `UPDATED_BY`, `UPDATED_TIME`, `delete_by`, `is_delete`, `delete_time`) VALUES ('visitPage', 'classifyPage', NULL, NULL, NULL, NULL, NULL, NULL, 0, NULL);
INSERT INTO  `mat_event_property_relationship`( `event_code`, `property_code`, `REVISION`, `CREATED_BY`, `CREATED_TIME`, `UPDATED_BY`, `UPDATED_TIME`, `delete_by`, `is_delete`, `delete_time`) VALUES ('visitPage', 'shoppingCartPage', NULL, NULL, NULL, NULL, NULL, NULL, 0, NULL);
INSERT INTO  `mat_event_property_relationship`( `event_code`, `property_code`, `REVISION`, `CREATED_BY`, `CREATED_TIME`, `UPDATED_BY`, `UPDATED_TIME`, `delete_by`, `is_delete`, `delete_time`) VALUES ('visitPage', 'memberCorePage', NULL, NULL, NULL, NULL, NULL, NULL, 0, NULL);
INSERT INTO  `mat_event_property_relationship`( `event_code`, `property_code`, `REVISION`, `CREATED_BY`, `CREATED_TIME`, `UPDATED_BY`, `UPDATED_TIME`, `delete_by`, `is_delete`, `delete_time`) VALUES ('openArrivalNotice', 'appid', NULL, NULL, NULL, NULL, NULL, NULL, 0, NULL);
INSERT INTO  `mat_event_property_relationship`( `event_code`, `property_code`, `REVISION`, `CREATED_BY`, `CREATED_TIME`, `UPDATED_BY`, `UPDATED_TIME`, `delete_by`, `is_delete`, `delete_time`) VALUES ('openArrivalNotice', 'eventTime', NULL, NULL, NULL, NULL, NULL, NULL, 0, NULL);
INSERT INTO  `mat_event_property_relationship`( `event_code`, `property_code`, `REVISION`, `CREATED_BY`, `CREATED_TIME`, `UPDATED_BY`, `UPDATED_TIME`, `delete_by`, `is_delete`, `delete_time`) VALUES ('openArrivalNotice', 'noticeType', NULL, NULL, NULL, NULL, NULL, NULL, 0, NULL);
INSERT INTO  `mat_event_property_relationship`( `event_code`, `property_code`, `REVISION`, `CREATED_BY`, `CREATED_TIME`, `UPDATED_BY`, `UPDATED_TIME`, `delete_by`, `is_delete`, `delete_time`) VALUES ('addToShoppingCart', 'appid', NULL, NULL, NULL, NULL, NULL, NULL, 0, NULL);
INSERT INTO  `mat_event_property_relationship`( `event_code`, `property_code`, `REVISION`, `CREATED_BY`, `CREATED_TIME`, `UPDATED_BY`, `UPDATED_TIME`, `delete_by`, `is_delete`, `delete_time`) VALUES ('addToShoppingCart', 'eventTime', NULL, NULL, NULL, NULL, NULL, NULL, 0, NULL);
INSERT INTO  `mat_event_property_relationship`( `event_code`, `property_code`, `REVISION`, `CREATED_BY`, `CREATED_TIME`, `UPDATED_BY`, `UPDATED_TIME`, `delete_by`, `is_delete`, `delete_time`) VALUES ('addToShoppingCart', 'productNum', NULL, NULL, NULL, NULL, NULL, NULL, 0, NULL);
INSERT INTO  `mat_event_property_relationship`( `event_code`, `property_code`, `REVISION`, `CREATED_BY`, `CREATED_TIME`, `UPDATED_BY`, `UPDATED_TIME`, `delete_by`, `is_delete`, `delete_time`) VALUES ( 'addToShoppingCart', 'productName', NULL, NULL, NULL, NULL, NULL, NULL, 0, NULL);
INSERT INTO  `mat_event_property_relationship`( `event_code`, `property_code`, `REVISION`, `CREATED_BY`, `CREATED_TIME`, `UPDATED_BY`, `UPDATED_TIME`, `delete_by`, `is_delete`, `delete_time`) VALUES ( 'collectProduct', 'appid', NULL, NULL, NULL, NULL, NULL, NULL, 0, NULL);
INSERT INTO  `mat_event_property_relationship`( `event_code`, `property_code`, `REVISION`, `CREATED_BY`, `CREATED_TIME`, `UPDATED_BY`, `UPDATED_TIME`, `delete_by`, `is_delete`, `delete_time`) VALUES ( 'collectProduct', 'eventTime', NULL, NULL, NULL, NULL, NULL, NULL, 0, NULL);
INSERT INTO  `mat_event_property_relationship`( `event_code`, `property_code`, `REVISION`, `CREATED_BY`, `CREATED_TIME`, `UPDATED_BY`, `UPDATED_TIME`, `delete_by`, `is_delete`, `delete_time`) VALUES ( 'collectProduct', 'productNum', NULL, NULL, NULL, NULL, NULL, NULL, 0, NULL);
INSERT INTO  `mat_event_property_relationship`( `event_code`, `property_code`, `REVISION`, `CREATED_BY`, `CREATED_TIME`, `UPDATED_BY`, `UPDATED_TIME`, `delete_by`, `is_delete`, `delete_time`) VALUES ( 'collectProduct', 'productName', NULL, NULL, NULL, NULL, NULL, NULL, 0, NULL);
INSERT INTO  `mat_event_property_relationship`( `event_code`, `property_code`, `REVISION`, `CREATED_BY`, `CREATED_TIME`, `UPDATED_BY`, `UPDATED_TIME`, `delete_by`, `is_delete`, `delete_time`) VALUES ( 'openReducePriceNotice', 'appid', NULL, NULL, NULL, NULL, NULL, NULL, 0, NULL);
INSERT INTO  `mat_event_property_relationship`( `event_code`, `property_code`, `REVISION`, `CREATED_BY`, `CREATED_TIME`, `UPDATED_BY`, `UPDATED_TIME`, `delete_by`, `is_delete`, `delete_time`) VALUES ( 'openReducePriceNotice', 'eventTime', NULL, NULL, NULL, NULL, NULL, NULL, 0, NULL);
INSERT INTO  `mat_event_property_relationship`( `event_code`, `property_code`, `REVISION`, `CREATED_BY`, `CREATED_TIME`, `UPDATED_BY`, `UPDATED_TIME`, `delete_by`, `is_delete`, `delete_time`) VALUES ( 'openReducePriceNotice', 'productNum', NULL, NULL, NULL, NULL, NULL, NULL, 0, NULL);
INSERT INTO  `mat_event_property_relationship`( `event_code`, `property_code`, `REVISION`, `CREATED_BY`, `CREATED_TIME`, `UPDATED_BY`, `UPDATED_TIME`, `delete_by`, `is_delete`, `delete_time`) VALUES ( 'submitOrder', 'appid', NULL, NULL, NULL, NULL, NULL, NULL, 0, NULL);
INSERT INTO  `mat_event_property_relationship`( `event_code`, `property_code`, `REVISION`, `CREATED_BY`, `CREATED_TIME`, `UPDATED_BY`, `UPDATED_TIME`, `delete_by`, `is_delete`, `delete_time`) VALUES ( 'submitOrder', 'eventTime', NULL, NULL, NULL, NULL, NULL, NULL, 0, NULL);
INSERT INTO  `mat_event_property_relationship`( `event_code`, `property_code`, `REVISION`, `CREATED_BY`, `CREATED_TIME`, `UPDATED_BY`, `UPDATED_TIME`, `delete_by`, `is_delete`, `delete_time`) VALUES ( 'submitOrder', 'orderNum', NULL, NULL, NULL, NULL, NULL, NULL, 0, NULL);
INSERT INTO  `mat_event_property_relationship`( `event_code`, `property_code`, `REVISION`, `CREATED_BY`, `CREATED_TIME`, `UPDATED_BY`, `UPDATED_TIME`, `delete_by`, `is_delete`, `delete_time`) VALUES ( 'cancelOrder', 'appid', NULL, NULL, NULL, NULL, NULL, NULL, 0, NULL);
INSERT INTO  `mat_event_property_relationship`( `event_code`, `property_code`, `REVISION`, `CREATED_BY`, `CREATED_TIME`, `UPDATED_BY`, `UPDATED_TIME`, `delete_by`, `is_delete`, `delete_time`) VALUES ( 'cancelOrder', 'eventTime', NULL, NULL, NULL, NULL, NULL, NULL, 0, NULL);
INSERT INTO  `mat_event_property_relationship`( `event_code`, `property_code`, `REVISION`, `CREATED_BY`, `CREATED_TIME`, `UPDATED_BY`, `UPDATED_TIME`, `delete_by`, `is_delete`, `delete_time`) VALUES ( 'cancelOrder', 'orderNum', NULL, NULL, NULL, NULL, NULL, NULL, 0, NULL);
INSERT INTO  `mat_event_property_relationship`( `event_code`, `property_code`, `REVISION`, `CREATED_BY`, `CREATED_TIME`, `UPDATED_BY`, `UPDATED_TIME`, `delete_by`, `is_delete`, `delete_time`) VALUES ( 'commonOrderPayFail', 'appid', NULL, NULL, NULL, NULL, NULL, NULL, 0, NULL);
INSERT INTO  `mat_event_property_relationship`( `event_code`, `property_code`, `REVISION`, `CREATED_BY`, `CREATED_TIME`, `UPDATED_BY`, `UPDATED_TIME`, `delete_by`, `is_delete`, `delete_time`) VALUES ( 'commonOrderPayFail', 'eventTime', NULL, NULL, NULL, NULL, NULL, NULL, 0, NULL);
INSERT INTO  `mat_event_property_relationship`( `event_code`, `property_code`, `REVISION`, `CREATED_BY`, `CREATED_TIME`, `UPDATED_BY`, `UPDATED_TIME`, `delete_by`, `is_delete`, `delete_time`) VALUES ( 'commonOrderPayFail', 'orderNum', NULL, NULL, NULL, NULL, NULL, NULL, 0, NULL);
INSERT INTO  `mat_event_property_relationship`( `event_code`, `property_code`, `REVISION`, `CREATED_BY`, `CREATED_TIME`, `UPDATED_BY`, `UPDATED_TIME`, `delete_by`, `is_delete`, `delete_time`) VALUES ( 'commonOrderPayFail', 'payCount', NULL, NULL, NULL, NULL, NULL, NULL, 0, NULL);
INSERT INTO  `mat_event_property_relationship`( `event_code`, `property_code`, `REVISION`, `CREATED_BY`, `CREATED_TIME`, `UPDATED_BY`, `UPDATED_TIME`, `delete_by`, `is_delete`, `delete_time`) VALUES ( 'commonOrderPayFail', 'payFailedReason', NULL, NULL, NULL, NULL, NULL, NULL, 0, NULL);
INSERT INTO  `mat_event_property_relationship`( `event_code`, `property_code`, `REVISION`, `CREATED_BY`, `CREATED_TIME`, `UPDATED_BY`, `UPDATED_TIME`, `delete_by`, `is_delete`, `delete_time`) VALUES ( 'commonOrderPaySuccess', 'appid', NULL, NULL, NULL, NULL, NULL, NULL, 0, NULL);
INSERT INTO  `mat_event_property_relationship`( `event_code`, `property_code`, `REVISION`, `CREATED_BY`, `CREATED_TIME`, `UPDATED_BY`, `UPDATED_TIME`, `delete_by`, `is_delete`, `delete_time`) VALUES ( 'commonOrderPaySuccess', 'eventTime', NULL, NULL, NULL, NULL, NULL, NULL, 0, NULL);
INSERT INTO  `mat_event_property_relationship`( `event_code`, `property_code`, `REVISION`, `CREATED_BY`, `CREATED_TIME`, `UPDATED_BY`, `UPDATED_TIME`, `delete_by`, `is_delete`, `delete_time`) VALUES ( 'commonOrderPaySuccess', 'payCount', NULL, NULL, NULL, NULL, NULL, NULL, 0, NULL);
INSERT INTO  `mat_event_property_relationship`( `event_code`, `property_code`, `REVISION`, `CREATED_BY`, `CREATED_TIME`, `UPDATED_BY`, `UPDATED_TIME`, `delete_by`, `is_delete`, `delete_time`) VALUES ( 'commonOrderPaySuccess', 'orderNum', NULL, NULL, NULL, NULL, NULL, NULL, 0, NULL);
INSERT INTO  `mat_event_property_relationship`( `event_code`, `property_code`, `REVISION`, `CREATED_BY`, `CREATED_TIME`, `UPDATED_BY`, `UPDATED_TIME`, `delete_by`, `is_delete`, `delete_time`) VALUES ( 'presaleOrderDepositPay', 'appid', NULL, NULL, NULL, NULL, NULL, NULL, 0, NULL);
INSERT INTO  `mat_event_property_relationship`( `event_code`, `property_code`, `REVISION`, `CREATED_BY`, `CREATED_TIME`, `UPDATED_BY`, `UPDATED_TIME`, `delete_by`, `is_delete`, `delete_time`) VALUES ( 'presaleOrderDepositPay', 'eventTime', NULL, NULL, NULL, NULL, NULL, NULL, 0, NULL);
INSERT INTO  `mat_event_property_relationship`( `event_code`, `property_code`, `REVISION`, `CREATED_BY`, `CREATED_TIME`, `UPDATED_BY`, `UPDATED_TIME`, `delete_by`, `is_delete`, `delete_time`) VALUES ( 'presaleOrderDepositPay', 'depositCount', NULL, NULL, NULL, NULL, NULL, NULL, 0, NULL);
INSERT INTO  `mat_event_property_relationship`( `event_code`, `property_code`, `REVISION`, `CREATED_BY`, `CREATED_TIME`, `UPDATED_BY`, `UPDATED_TIME`, `delete_by`, `is_delete`, `delete_time`) VALUES ( 'presaleOrderDepositPay', 'orderNum', NULL, NULL, NULL, NULL, NULL, NULL, 0, NULL);
INSERT INTO  `mat_event_property_relationship`( `event_code`, `property_code`, `REVISION`, `CREATED_BY`, `CREATED_TIME`, `UPDATED_BY`, `UPDATED_TIME`, `delete_by`, `is_delete`, `delete_time`) VALUES ( 'returnGoodsRefund', 'appid', NULL, NULL, NULL, NULL, NULL, NULL, 0, NULL);
INSERT INTO  `mat_event_property_relationship`( `event_code`, `property_code`, `REVISION`, `CREATED_BY`, `CREATED_TIME`, `UPDATED_BY`, `UPDATED_TIME`, `delete_by`, `is_delete`, `delete_time`) VALUES ( 'returnGoodsRefund', 'eventTime', NULL, NULL, NULL, NULL, NULL, NULL, 0, NULL);
INSERT INTO  `mat_event_property_relationship`( `event_code`, `property_code`, `REVISION`, `CREATED_BY`, `CREATED_TIME`, `UPDATED_BY`, `UPDATED_TIME`, `delete_by`, `is_delete`, `delete_time`) VALUES ( 'returnGoodsRefund', 'orderNum', NULL, NULL, NULL, NULL, NULL, NULL, 0, NULL);
INSERT INTO  `mat_event_property_relationship`( `event_code`, `property_code`, `REVISION`, `CREATED_BY`, `CREATED_TIME`, `UPDATED_BY`, `UPDATED_TIME`, `delete_by`, `is_delete`, `delete_time`) VALUES ( 'returnGoodsRefund', 'applyReturnReason', NULL, NULL, NULL, NULL, NULL, NULL, 0, NULL);
INSERT INTO  `mat_event_property_relationship`( `event_code`, `property_code`, `REVISION`, `CREATED_BY`, `CREATED_TIME`, `UPDATED_BY`, `UPDATED_TIME`, `delete_by`, `is_delete`, `delete_time`) VALUES ( 'onlyRefund', 'appid', NULL, NULL, NULL, NULL, NULL, NULL, 0, NULL);
INSERT INTO  `mat_event_property_relationship`( `event_code`, `property_code`, `REVISION`, `CREATED_BY`, `CREATED_TIME`, `UPDATED_BY`, `UPDATED_TIME`, `delete_by`, `is_delete`, `delete_time`) VALUES ( 'onlyRefund', 'eventTime', NULL, NULL, NULL, NULL, NULL, NULL, 0, NULL);
INSERT INTO  `mat_event_property_relationship`( `event_code`, `property_code`, `REVISION`, `CREATED_BY`, `CREATED_TIME`, `UPDATED_BY`, `UPDATED_TIME`, `delete_by`, `is_delete`, `delete_time`) VALUES ( 'onlyRefund', 'orderNum', NULL, NULL, NULL, NULL, NULL, NULL, 0, NULL);
INSERT INTO  `mat_event_property_relationship`( `event_code`, `property_code`, `REVISION`, `CREATED_BY`, `CREATED_TIME`, `UPDATED_BY`, `UPDATED_TIME`, `delete_by`, `is_delete`, `delete_time`) VALUES ( 'onlyRefund', 'applyReturnReason', NULL, NULL, NULL, NULL, NULL, NULL, 0, NULL);
INSERT INTO  `mat_event_property_relationship`( `event_code`, `property_code`, `REVISION`, `CREATED_BY`, `CREATED_TIME`, `UPDATED_BY`, `UPDATED_TIME`, `delete_by`, `is_delete`, `delete_time`) VALUES ( 'clickProductLiveTV', 'appid', NULL, NULL, NULL, NULL, NULL, NULL, 0, NULL);
INSERT INTO  `mat_event_property_relationship`( `event_code`, `property_code`, `REVISION`, `CREATED_BY`, `CREATED_TIME`, `UPDATED_BY`, `UPDATED_TIME`, `delete_by`, `is_delete`, `delete_time`) VALUES ( 'clickProductLiveTV', 'eventTime', NULL, NULL, NULL, NULL, NULL, NULL, 0, NULL);
INSERT INTO  `mat_event_property_relationship`( `event_code`, `property_code`, `REVISION`, `CREATED_BY`, `CREATED_TIME`, `UPDATED_BY`, `UPDATED_TIME`, `delete_by`, `is_delete`, `delete_time`) VALUES ( 'clickProductLiveTV', 'onlineNum', NULL, NULL, NULL, NULL, NULL, NULL, 0, NULL);
INSERT INTO  `mat_event_property_relationship`( `event_code`, `property_code`, `REVISION`, `CREATED_BY`, `CREATED_TIME`, `UPDATED_BY`, `UPDATED_TIME`, `delete_by`, `is_delete`, `delete_time`) VALUES ( 'shareRecruitCode', 'appid', NULL, NULL, NULL, NULL, NULL, NULL, 0, NULL);
INSERT INTO  `mat_event_property_relationship`( `event_code`, `property_code`, `REVISION`, `CREATED_BY`, `CREATED_TIME`, `UPDATED_BY`, `UPDATED_TIME`, `delete_by`, `is_delete`, `delete_time`) VALUES ( 'shareRecruitCode', 'eventTime', NULL, NULL, NULL, NULL, NULL, NULL, 0, NULL);
INSERT INTO  `mat_event_property_relationship`( `event_code`, `property_code`, `REVISION`, `CREATED_BY`, `CREATED_TIME`, `UPDATED_BY`, `UPDATED_TIME`, `delete_by`, `is_delete`, `delete_time`) VALUES ( 'shareRecruitCode', 'shareEnterpriseWeChatRecruitCode', NULL, NULL, NULL, NULL, NULL, NULL, 0, NULL);
INSERT INTO  `mat_event_property_relationship`( `event_code`, `property_code`, `REVISION`, `CREATED_BY`, `CREATED_TIME`, `UPDATED_BY`, `UPDATED_TIME`, `delete_by`, `is_delete`, `delete_time`) VALUES ( 'shareRecruitCode', 'shareOfficialRecruitCode', NULL, NULL, NULL, NULL, NULL, NULL, 0, NULL);
INSERT INTO  `mat_event_property_relationship`( `event_code`, `property_code`, `REVISION`, `CREATED_BY`, `CREATED_TIME`, `UPDATED_BY`, `UPDATED_TIME`, `delete_by`, `is_delete`, `delete_time`) VALUES ( 'shareRecruitCode', 'shareAppCode', NULL, NULL, NULL, NULL, NULL, NULL, 0, NULL);
INSERT INTO  `mat_event_property_relationship`( `event_code`, `property_code`, `REVISION`, `CREATED_BY`, `CREATED_TIME`, `UPDATED_BY`, `UPDATED_TIME`, `delete_by`, `is_delete`, `delete_time`) VALUES ( 'shareRecruitCode', 'shareToWechatMoments', NULL, NULL, NULL, NULL, NULL, NULL, 0, NULL);
INSERT INTO  `mat_event_property_relationship`( `event_code`, `property_code`, `REVISION`, `CREATED_BY`, `CREATED_TIME`, `UPDATED_BY`, `UPDATED_TIME`, `delete_by`, `is_delete`, `delete_time`) VALUES ( 'shareRecruitCode', 'shareToSingleChat', NULL, NULL, NULL, NULL, NULL, NULL, 0, NULL);
INSERT INTO  `mat_event_property_relationship`( `event_code`, `property_code`, `REVISION`, `CREATED_BY`, `CREATED_TIME`, `UPDATED_BY`, `UPDATED_TIME`, `delete_by`, `is_delete`, `delete_time`) VALUES ( 'shareRecruitCode', 'shareToGroupChat', NULL, NULL, NULL, NULL, NULL, NULL, 0, NULL);
INSERT INTO  `mat_event_property_relationship`( `event_code`, `property_code`, `REVISION`, `CREATED_BY`, `CREATED_TIME`, `UPDATED_BY`, `UPDATED_TIME`, `delete_by`, `is_delete`, `delete_time`) VALUES ( 'shareRecruitCode', 'recruitCodeNum', NULL, NULL, NULL, NULL, NULL, NULL, 0, NULL);
INSERT INTO  `mat_event_property_relationship`( `event_code`, `property_code`, `REVISION`, `CREATED_BY`, `CREATED_TIME`, `UPDATED_BY`, `UPDATED_TIME`, `delete_by`, `is_delete`, `delete_time`) VALUES ( 'loginApp', 'appid', NULL, NULL, NULL, NULL, NULL, NULL, 0, NULL);
INSERT INTO  `mat_event_property_relationship`( `event_code`, `property_code`, `REVISION`, `CREATED_BY`, `CREATED_TIME`, `UPDATED_BY`, `UPDATED_TIME`, `delete_by`, `is_delete`, `delete_time`) VALUES ( 'loginApp', 'eventTime', NULL, NULL, NULL, NULL, NULL, NULL, 0, NULL);
INSERT INTO  `mat_event_property_relationship`( `event_code`, `property_code`, `REVISION`, `CREATED_BY`, `CREATED_TIME`, `UPDATED_BY`, `UPDATED_TIME`, `delete_by`, `is_delete`, `delete_time`) VALUES ( 'optQRCode', 'eventKey', NULL, NULL, NULL, NULL, NULL, NULL, 0, NULL);
INSERT INTO  `mat_event_property_relationship`( `event_code`, `property_code`, `REVISION`, `CREATED_BY`, `CREATED_TIME`, `UPDATED_BY`, `UPDATED_TIME`, `delete_by`, `is_delete`, `delete_time`) VALUES ( 'followOfficial', 'eventKey', NULL, NULL, NULL, NULL, NULL, NULL, 0, NULL);
INSERT INTO  `mat_event_property_relationship`( `event_code`, `property_code`, `REVISION`, `CREATED_BY`, `CREATED_TIME`, `UPDATED_BY`, `UPDATED_TIME`, `delete_by`, `is_delete`, `delete_time`) VALUES ( 'optQRCode', 'appid', NULL, NULL, NULL, NULL, NULL, NULL, 0, NULL);
INSERT INTO  `mat_event_property_relationship`( `event_code`, `property_code`, `REVISION`, `CREATED_BY`, `CREATED_TIME`, `UPDATED_BY`, `UPDATED_TIME`, `delete_by`, `is_delete`, `delete_time`) VALUES ( 'optQRCode', 'eventTime', NULL, NULL, NULL, NULL, NULL, NULL, 0, NULL);
INSERT INTO  `mat_event_property_relationship`( `event_code`, `property_code`, `REVISION`, `CREATED_BY`, `CREATED_TIME`, `UPDATED_BY`, `UPDATED_TIME`, `delete_by`, `is_delete`, `delete_time`) VALUES ( 'submitOrder', 'productInfos', NULL, NULL, NULL, NULL, NULL, NULL, 0, NULL);
INSERT INTO  `mat_event_property_relationship`( `event_code`, `property_code`, `REVISION`, `CREATED_BY`, `CREATED_TIME`, `UPDATED_BY`, `UPDATED_TIME`, `delete_by`, `is_delete`, `delete_time`) VALUES ( 'clickProductLiveTV', 'roomStatus', NULL, NULL, NULL, NULL, NULL, NULL, 0, NULL);

-- mat_modular_info 新增数据
INSERT INTO `mat_modular_info`( `mod_code`, `name`, `remarks`, `REVISION`, `CREATED_BY`, `CREATED_TIME`, `UPDATED_BY`, `UPDATED_TIME`, `delete_by`, `is_delete`, `delete_time`) VALUES ( 'official', '公众号', NULL, NULL, NULL, NULL, NULL, NULL, NULL, 0, NULL);
INSERT INTO `mat_modular_info`( `mod_code`, `name`, `remarks`, `REVISION`, `CREATED_BY`, `CREATED_TIME`, `UPDATED_BY`, `UPDATED_TIME`, `delete_by`, `is_delete`, `delete_time`) VALUES ( 'app', '小程序', NULL, NULL, NULL, NULL, NULL, NULL, NULL, 0, NULL);
INSERT INTO `mat_modular_info`( `mod_code`, `name`, `remarks`, `REVISION`, `CREATED_BY`, `CREATED_TIME`, `UPDATED_BY`, `UPDATED_TIME`, `delete_by`, `is_delete`, `delete_time`) VALUES ( 'online_shop', '电商', NULL, NULL, NULL, NULL, NULL, NULL, NULL, 0, NULL);
INSERT INTO `mat_modular_info`( `mod_code`, `name`, `remarks`, `REVISION`, `CREATED_BY`, `CREATED_TIME`, `UPDATED_BY`, `UPDATED_TIME`, `delete_by`, `is_delete`, `delete_time`) VALUES ( 'crm', 'CRM', NULL, NULL, NULL, NULL, NULL, NULL, NULL, 0, NULL);
INSERT INTO `mat_modular_info`( `mod_code`, `name`, `remarks`, `REVISION`, `CREATED_BY`, `CREATED_TIME`, `UPDATED_BY`, `UPDATED_TIME`, `delete_by`, `is_delete`, `delete_time`) VALUES ( 'shop_guide', '导购通', NULL, NULL, NULL, NULL, NULL, NULL, NULL, 0, NULL);

-- mat_user_property 新增数据
INSERT INTO  `mat_user_property`( `property_code`, `property_name`, `data_type`, `unit`, `value_explain`, `status`, `is_report`, `REVISION`, `CREATED_BY`, `CREATED_TIME`, `UPDATED_BY`, `UPDATED_TIME`, `delete_by`, `is_delete`, `delete_time`) VALUES ( 'unionId', '用户唯一标识', 1, NULL, NULL, 0, 0, NULL, NULL, NULL, NULL, NULL, NULL, 0, NULL);
INSERT INTO  `mat_user_property`( `property_code`, `property_name`, `data_type`, `unit`, `value_explain`, `status`, `is_report`, `REVISION`, `CREATED_BY`, `CREATED_TIME`, `UPDATED_BY`, `UPDATED_TIME`, `delete_by`, `is_delete`, `delete_time`) VALUES ( 'openId', 'openId', 1, NULL, NULL, 0, 0, NULL, NULL, NULL, NULL, NULL, NULL, 0, NULL);
INSERT INTO  `mat_user_property`( `property_code`, `property_name`, `data_type`, `unit`, `value_explain`, `status`, `is_report`, `REVISION`, `CREATED_BY`, `CREATED_TIME`, `UPDATED_BY`, `UPDATED_TIME`, `delete_by`, `is_delete`, `delete_time`) VALUES ( 'memberId', '会员id', 1, NULL, NULL, 0, 0, NULL, NULL, NULL, NULL, NULL, NULL, 0, NULL);
INSERT INTO  `mat_user_property`( `property_code`, `property_name`, `data_type`, `unit`, `value_explain`, `status`, `is_report`, `REVISION`, `CREATED_BY`, `CREATED_TIME`, `UPDATED_BY`, `UPDATED_TIME`, `delete_by`, `is_delete`, `delete_time`) VALUES ( 'matOrgId', 'mat机构id', 1, NULL, NULL, 0, 0, NULL, NULL, NULL, NULL, NULL, NULL, 0, NULL);
